grupo_edad,causa,Femenino,Masculino
<20 años,CE:CA,0.00161018535854709,0.00261031533658639
<20 años,CE:OTR-CE,0.0483991761842352,0.0638412298651556
<20 años,CE:OTR-TRA,0.00132933907507957,0.00250537803662312
<20 años,CE:SH,0.0337390001872309,0.0569547195550658
<20 años,CE:TRA,0.0447856206702865,0.0811690015215909
<20 años,CE:VI,0.0119827747612807,0.0400073456109974
<20 años,CMNN:INF,0.0492604381202022,0.0401909858859332
<20 años,CMNN:MAT-NEO,0.367683954315671,0.346148801091348
<20 años,CMNN:NUTR,0.00402546339636772,0.00309565034891652
<20 años,ENT:CRD,0.0104100355738626,0.00914266225930007
<20 años,ENT:DIG,0.00887474255757349,0.00657169841019991
<20 años,ENT:DM-CKD,0.00572926418273732,0.00342357941130175
<20 años,ENT:ECV,0.0229732259876428,0.0211711002675901
<20 años,ENT:MUSC,0.00453098670660925,0.00118054462458681
<20 años,ENT:NEU-MENT,0.0205766710353866,0.0192953460307466
<20 años,ENT:NPL,0.0683205392248643,0.0653103520646414
<20 años,ENT:OTR-ENT,0.294495412844037,0.235610472742536
<20 años,ENT:PIEL,0.00108593896274106,0.00124613043706385
<20 años,ENT:SUST,0.00018723085564501,0.00052468649981636
70-79,CE:CA,0.00121866181808703,0.0012850827593297
70-79,CE:OTR-CE,0.00814939360169961,0.00773986987619146
70-79,CE:OTR-TRA,0.000162922702952811,0.000264359881919253
70-79,CE:SH,0.00124147099650042,0.00570576745142387
70-79,CE:TRA,0.0031932849778751,0.00556869195709537
70-79,CE:VI,0.000856973417531786,0.0016179803884132
70-79,CMNN:INF,0.0711418274713745,0.0768038890275962
70-79,CMNN:MAT-NEO,0,0
70-79,CMNN:NUTR,0.00382868351939106,0.00342199180484366
70-79,ENT:CRD,0.0596166754644926,0.0675390542770002
70-79,ENT:DIG,0.0417212457721559,0.045332824195783
70-79,ENT:DM-CKD,0.0759350133922462,0.0715264824959489
70-79,ENT:ECV,0.309497741891337,0.327172279418604
70-79,ENT:MUSC,0.00428812554171799,0.00109905173131245
70-79,ENT:NEU-MENT,0.0280031541835292,0.0193937346707985
70-79,ENT:NPL,0.348817507021969,0.334314891783793
70-79,ENT:OTR-ENT,0.029440132423573,0.020375293121258
70-79,ENT:PIEL,0.0125320143111302,0.00836650070740746
70-79,ENT:SUST,0.000355171492437128,0.0024722544512819
≥80 años,CE:CA,0.00223848857251584,0.00183974909326652
≥80 años,CE:OTR-CE,0.00735601783214435,0.00660807837581443
≥80 años,CE:OTR-TRA,6.02670000292725e-05,0.000142674419477812
≥80 años,CE:SH,0.000404649857339401,0.00399238068538789
≥80 años,CE:TRA,0.00101937325763798,0.00235287639138847
≥80 años,CE:VI,0.000325441800158072,0.000916119956647001
≥80 años,CMNN:INF,0.0657082491747726,0.0749291008257595
≥80 años,CMNN:MAT-NEO,0,0
≥80 años,CMNN:NUTR,0.00812054777537284,0.00690844557471509
≥80 años,ENT:CRD,0.0674611579184811,0.0820102575398425
≥80 años,ENT:DIG,0.0378476760183832,0.0343519953142717
≥80 años,ENT:DM-CKD,0.0589084096571841,0.0672171729939852
≥80 años,ENT:ECV,0.430735136866357,0.382387468680462
≥80 años,ENT:MUSC,0.00205079991528182,0.000841028156921837
≥80 años,ENT:NEU-MENT,0.0590272217429561,0.0382192230001176
≥80 años,ENT:NPL,0.191630119035935,0.250734022342313
≥80 años,ENT:OTR-ENT,0.0459389512508846,0.0343169524744
≥80 años,ENT:PIEL,0.020995300895912,0.0114840392379684
≥80 años,ENT:SUST,0.000172191428655064,0.000748414937260801
20-39,CE:CA,0.00126480626380245,0.00646770287890391
20-39,CE:OTR-CE,0.0259184902629994,0.0589337086325724
20-39,CE:OTR-TRA,0.00311182493475206,0.00834074963263448
20-39,CE:SH,0.0676771732583819,0.166959869197177
20-39,CE:TRA,0.0833969082513552,0.212595980710723
20-39,CE:VI,0.031419393696045,0.118912598050376
20-39,CMNN:INF,0.104216020879342,0.091106649833392
20-39,CMNN:MAT-NEO,0.0646858060630396,0
20-39,CMNN:NUTR,0.00244930736799839,0.00126249560196204
20-39,ENT:CRD,0.0181891186508733,0.0135770018833951
20-39,ENT:DIG,0.0305962658100783,0.0275161951280088
20-39,ENT:DM-CKD,0.0331258783376832,0.0192582320922243
20-39,ENT:ECV,0.102288697048785,0.0948734399900656
20-39,ENT:MUSC,0.0191527805661514,0.00233872136101165
20-39,ENT:NEU-MENT,0.0223649869504116,0.0188029058095494
20-39,ENT:NPL,0.353262397109014,0.13422811846762
20-39,ENT:OTR-ENT,0.0318209194940775,0.0177680733489248
20-39,ENT:PIEL,0.00431640232884963,0.00365295858600493
20-39,ENT:SUST,0.000742822726360169,0.00340459879545502
40-49,CE:CA,0.000825457792153097,0.00492263561557255
40-49,CE:OTR-CE,0.0129040952814137,0.0288551529663438
40-49,CE:OTR-TRA,0.00107814895301629,0.00382871658988976
40-49,CE:SH,0.0189686831421304,0.0503202751814082
40-49,CE:TRA,0.0256397297889187,0.0738395342335882
40-49,CE:VI,0.00877680632064824,0.0310551456735503
40-49,CMNN:INF,0.103586529876518,0.136521094405212
40-49,CMNN:MAT-NEO,0.00624989471201631,0
40-49,CMNN:NUTR,0.00190360674516939,0.00154364129179682
40-49,ENT:CRD,0.0202321389464463,0.019872862299904
40-49,ENT:DIG,0.0363032967773454,0.081606359315936
40-49,ENT:DM-CKD,0.0441198766867135,0.0436109051572205
40-49,ENT:ECV,0.152187463149206,0.232433483645911
40-49,ENT:MUSC,0.0113374100840619,0.00238231254482029
40-49,ENT:NEU-MENT,0.0155826215865636,0.0158132072490367
40-49,ENT:NPL,0.510958373342767,0.239458874721962
40-49,ENT:OTR-ENT,0.0218493623759708,0.0173325392291517
40-49,ENT:PIEL,0.00626674078940719,0.00615025585550545
40-49,ENT:SUST,0.00122976364953421,0.0104530040231911
50-59,CE:CA,0.000612402015677492,0.00271643442829116
50-59,CE:OTR-CE,0.00986842105263158,0.0149683362118595
50-59,CE:OTR-TRA,0.000586156215005599,0.00139734281290698
50-59,CE:SH,0.00870485722284435,0.0194733694406716
50-59,CE:TRA,0.0125454927211646,0.0283772378445149
50-59,CE:VI,0.00350818868980963,0.00912185388265674
50-59,CMNN:INF,0.0799097144456887,0.0988815668125492
50-59,CMNN:MAT-NEO,6.12402015677492e-05,0
50-59,CMNN:NUTR,0.00154850223964166,0.00157620269295907
50-59,ENT:CRD,0.032711016237402,0.0317643968230014
50-59,ENT:DIG,0.0410046892497201,0.0825661921290474
50-59,ENT:DM-CKD,0.0603478443449048,0.060085740955
50-59,ENT:ECV,0.178891377379619,0.282715987278591
50-59,ENT:MUSC,0.0081536954087346,0.00171593697424977
50-59,ENT:NEU-MENT,0.0130966545352744,0.0114190854670758
50-59,ENT:NPL,0.520191769316909,0.325552928551067
50-59,ENT:OTR-ENT,0.0202092665173572,0.0136212977402172
50-59,ENT:PIEL,0.00672767357222844,0.00587442918546093
50-59,ENT:SUST,0.00132103863381859,0.00817166076988
60-69,CE:CA,0.000768204034991694,0.00166094662050942
60-69,CE:OTR-CE,0.00795571303738273,0.00997758615044366
60-69,CE:OTR-TRA,0.000384102017495847,0.00063997047206008
60-69,CE:SH,0.00304400848865459,0.00925724729352022
60-69,CE:TRA,0.006265664160401,0.0120641875500442
60-69,CE:VI,0.00146438894170292,0.00336058913002712
60-69,CMNN:INF,0.0743477467615399,0.0809428699847896
60-69,CMNN:MAT-NEO,4.80127521869809e-06,0
60-69,CMNN:NUTR,0.0017572667300435,0.00207171836536658
60-69,ENT:CRD,0.0501397171088641,0.0504594392668022
60-69,ENT:DIG,0.0425681060889772,0.0621723872089251
60-69,ENT:DM-CKD,0.0767435830956702,0.0696347405738303
60-69,ENT:ECV,0.228300636649094,0.298125035347206
60-69,ENT:MUSC,0.00633288201346278,0.00137519236321747
60-69,ENT:NEU-MENT,0.0149943825079941,0.0114004042232098
60-69,ENT:NPL,0.454277456092338,0.36089274392549
60-69,ENT:OTR-ENT,0.0215289180806422,0.0143710578563073
60-69,ENT:PIEL,0.00833021250444118,0.00665866951627162
60-69,ENT:SUST,0.000792210411085184,0.00493521415197959
