anio,region_deis,nivel,total_count,total_pop,value,lowercl,uppercl
2010,Centro,GC1,54168,53263858,100.042922255515,99.1998133457123,100.891399538605
2011,Centro,GC1,54919,53818342,99.834038539729,98.998287473378,100.675074490921
2012,Centro,GC1,53080,54370588,94.9637377843517,94.1550461417228,95.7776313458459
2013,Centro,GC1,56638,54919386,99.6835963324131,98.8617318593251,100.510578128684
2014,Centro,GC1,52650,55463440,91.1018848829535,90.3229457444583,91.8858550494249
2015,Centro,GC1,45595,56001598,77.5610801755035,76.8486315510926,78.2784749061293
2016,Centro,GC1,51505,56533884,86.2047020910992,85.4596935282916,86.9545759152079
2017,Centro,GC1,48445,57060486,79.6536175102524,78.9439378614373,80.368076372404
2018,Centro,GC1,49751,57580666,80.5257125537429,79.8177662672342,81.2383631564532
2019,Centro,GC1,51281,58093776,81.4120129229952,80.7069886060272,82.1216514662478
2020,Centro,GC1,47838,58599232,74.614378565327,73.9452891122496,75.2880024879145
2021,Centro,GC1,54308,59097190,83.1898189282093,82.4893995817158,83.8946923204932
2022,Centro,GC1,62655,59587876,93.7896162116873,93.0541052226869,94.5294806552066
2023,Centro,GC1,59734,60070944,87.6350136729029,86.9308555008343,88.3434407511332
2010,Centro,GC2,32268,53263858,59.2078483586223,58.561783348304,59.8592488597195
2011,Centro,GC2,32307,53818342,58.3664006437275,57.729792508019,59.0082629823948
2012,Centro,GC2,31091,54370588,55.3408568680635,54.725531286223,55.9613598186354
2013,Centro,GC2,29793,54919386,52.1455642499891,51.5532646289363,52.7429554147034
2014,Centro,GC2,27608,55463440,47.5473447646716,46.9864003602601,48.1132992856409
2015,Centro,GC2,25516,56001598,43.1653155973735,42.6357292628015,43.6998230339398
2016,Centro,GC2,27840,56533884,46.344371570567,45.8000022756968,46.8935825390579
2017,Centro,GC2,24974,57060486,41.0210901230606,40.5124563913779,41.5345015356276
2018,Centro,GC2,24518,57580666,39.7202085239721,39.2231467492114,40.2219827275946
2019,Centro,GC2,25681,58093776,40.8412642374886,40.3417883124858,41.34536645715
2020,Centro,GC2,25453,58599232,39.6380225881623,39.1509912914615,40.1295851767708
2021,Centro,GC2,29822,59097190,45.6444896078107,45.1260485281937,46.1673851483426
2022,Centro,GC2,30744,59587876,46.0973833798501,45.5814418628953,46.6176905895104
2023,Centro,GC2,26953,60070944,39.7048518283419,39.2300086090611,40.1839876250505
2010,Centro,GC3,18251,53263858,33.9954679149801,33.5026539589924,34.4937016247874
2011,Centro,GC3,18149,53818342,33.2826264725661,32.7986854982303,33.7719046454771
2012,Centro,GC3,18457,54370588,33.3086199152336,32.8283194688639,33.7941727583782
2013,Centro,GC3,16148,54919386,28.8051903054524,28.3612225039184,29.2543508756738
2014,Centro,GC3,16134,55463440,28.3037237230529,27.8673350860174,28.7452187091668
2015,Centro,GC3,16330,56001598,28.1496885248667,27.7183043337068,28.5860899261602
2016,Centro,GC3,16959,56533884,28.7553659798916,28.322978369625,29.1926877353752
2017,Centro,GC3,17209,57060486,28.650103444915,28.2224683897911,29.0825826132258
2018,Centro,GC3,16412,57580666,26.8746026102186,26.4639033629909,27.2900664669772
2019,Centro,GC3,16354,58093776,26.3377630439834,25.9345348246125,26.7456775411144
2020,Centro,GC3,14854,58599232,23.5054671834526,23.127878840515,23.8876615237522
2021,Centro,GC3,15602,59097190,24.2911498603324,23.910254655864,24.6765779114668
2022,Centro,GC3,16921,59587876,25.7258487822131,25.3382937143774,26.1178313880078
2023,Centro,GC3,15979,60070944,23.8522019221687,23.4822925053628,24.2264608686211
2010,Centro,GC4,29640,53263858,54.5070092204329,53.8865155795313,55.1328505819046
2011,Centro,GC4,29383,53818342,53.138005875125,52.53035494252,53.7509168063173
2012,Centro,GC4,28672,54370588,51.0724155020016,50.4811327637835,51.6688799300858
2013,Centro,GC4,31327,54919386,54.8251259297198,54.2177994631083,55.4375430860684
2014,Centro,GC4,33209,55463440,57.0740536567462,56.4599920368502,57.6931137784457
2015,Centro,GC4,37453,56001598,63.3470424277201,62.7052199903258,63.9937831421169
2016,Centro,GC4,41180,56533884,68.659411153527,67.995963081921,69.3277067456087
2017,Centro,GC4,40798,57060486,66.6283350638911,65.9816209630126,67.2797965776352
2018,Centro,GC4,38670,57580666,62.1915496682179,61.5715890778724,62.8161853392905
2019,Centro,GC4,39366,58093776,62.1320159091614,61.518109519518,62.7505104476341
2020,Centro,GC4,33976,58599232,52.9094176574654,52.3467097788917,53.4766537862591
2021,Centro,GC4,39781,59097190,61.0657129090406,60.4651972576878,61.6706930627329
2022,Centro,GC4,43734,59587876,65.0248044485173,64.4147334308883,65.6392003506087
2023,Centro,GC4,38466,60070944,56.0500269715361,55.4891037189308,56.6151913568091
2010,Cuyo,GC1,2424,6514678,45.5160299380982,43.7154668110814,47.3715091779957
2011,Cuyo,GC1,2335,6599630,42.6309962967487,40.913781978524,44.4015903146359
2012,Cuyo,GC1,2420,6684496,43.0931639697084,41.3889775878012,44.8493706885495
2013,Cuyo,GC1,2404,6769140,41.5736364457411,39.9243254581602,43.2734627707217
2014,Cuyo,GC1,2485,6853422,41.8816969318743,40.2477744234753,43.5648274930623
2015,Cuyo,GC1,2815,6937178,46.3185140666227,44.6208498177286,48.0641678351258
2016,Cuyo,GC1,2794,7020416,44.6907350712967,43.046835792675,46.3812810702309
2017,Cuyo,GC1,2983,7103140,46.5444759114618,44.88784088451,48.2465826448797
2018,Cuyo,GC1,2746,7185212,41.7141896414716,40.167638582182,43.3050129970502
2019,Cuyo,GC1,3232,7266488,47.6943251912761,46.0632832010379,49.3683517901964
2020,Cuyo,GC1,3805,7346828,54.7655109346855,53.0385933872276,56.5343256274164
2021,Cuyo,GC1,4233,7426220,59.2955000084174,57.5219978905765,61.1097679902648
2022,Cuyo,GC1,4361,7504660,59.2322261671692,57.4864068937482,61.0175742747346
2023,Cuyo,GC1,3660,7582048,48.3287428638379,46.7744846062985,49.9214591136237
2010,Cuyo,GC2,1916,6514678,36.5815003190169,34.9589047644532,38.2598758146898
2011,Cuyo,GC2,2057,6599630,38.0665408089042,36.4362452174222,39.7508905782315
2012,Cuyo,GC2,2017,6684496,36.2855215916171,34.7167303115153,37.9068504687438
2013,Cuyo,GC2,2072,6769140,36.2281407504857,34.6828123488906,37.8245169872677
2014,Cuyo,GC2,1716,6853422,29.1063478778639,27.7435347204429,30.5187182680687
2015,Cuyo,GC2,1951,6937178,32.2909723960924,30.8725340088093,33.7577248530025
2016,Cuyo,GC2,1864,7020416,29.9806603705704,28.6340120358446,31.3742559537029
2017,Cuyo,GC2,1827,7103140,28.5504227720529,27.2553632095893,29.8910947398049
2018,Cuyo,GC2,1831,7185212,27.862215070835,26.6000514793296,29.1687829411367
2019,Cuyo,GC2,2047,7266488,30.242661829752,28.9461640905765,31.5822531085955
2020,Cuyo,GC2,2147,7346828,30.8493626172241,29.5578245112048,32.1827997523703
2021,Cuyo,GC2,2165,7426220,30.2504350697295,28.9891764362331,31.5524369616765
2022,Cuyo,GC2,2337,7504660,31.6192437231715,30.3497519701095,32.9281805182695
2023,Cuyo,GC2,2126,7582048,27.9626512556466,26.7857920528349,29.1778806280653
2010,Cuyo,GC3,1812,6514678,33.9216513706161,32.3725776161893,35.5255137154606
2011,Cuyo,GC3,1965,6599630,35.8749348994482,34.3018456745025,37.5014110504148
2012,Cuyo,GC3,2045,6684496,36.3897053058862,34.8257465663669,38.0056734439348
2013,Cuyo,GC3,1889,6769140,32.7694629311711,31.3055702208865,34.2840450326212
2014,Cuyo,GC3,1698,6853422,28.6422722896635,27.2937892784537,30.0400558476204
2015,Cuyo,GC3,1689,6937178,27.7428072669889,26.4334624607389,29.1001516537611
2016,Cuyo,GC3,1759,7020416,28.0372449352261,26.7406069658636,29.3804424582336
2017,Cuyo,GC3,1531,7103140,23.8193845116086,22.6400630309542,25.0441610021913
2018,Cuyo,GC3,1722,7185212,26.1810941717531,24.9584911912745,27.4480767299713
2019,Cuyo,GC3,1753,7266488,25.950065806484,24.749026247658,27.1943073754972
2020,Cuyo,GC3,1599,7346828,23.0394005399779,21.9235458985607,24.1973204495235
2021,Cuyo,GC3,1503,7426220,21.047999990951,19.996905200552,22.1399911234533
2022,Cuyo,GC3,1620,7504660,22.073779180557,21.0113518514269,23.1759919088064
2023,Cuyo,GC3,1541,7582048,20.3917980425192,19.3855230281003,21.4367295760667
2010,Cuyo,GC4,3192,6514678,60.364769205951,58.2833978524008,62.5013408000574
2011,Cuyo,GC4,3348,6599630,61.5502104763581,59.477984752721,63.6760797876606
2012,Cuyo,GC4,3347,6684496,59.8485057838861,57.8336283670911,61.915550118353
2013,Cuyo,GC4,3629,6769140,63.0993114082392,61.0590863653682,65.1902371293907
2014,Cuyo,GC4,4031,6853422,68.0748786074268,65.9858092921384,70.2131713264979
2015,Cuyo,GC4,4191,6937178,69.1973754191115,67.115991674782,71.32684419336
2016,Cuyo,GC4,4748,7020416,76.3966613792916,74.2374412363974,78.6027114882967
2017,Cuyo,GC4,4394,7103140,68.8816208287028,66.8590336644043,70.9498289721225
2018,Cuyo,GC4,4169,7185212,63.5215030474486,61.6072586744642,65.4800891428152
2019,Cuyo,GC4,3846,7266488,56.9503709806512,55.1641958968601,58.7796461906714
2020,Cuyo,GC4,3943,7346828,56.7934636209938,55.03421819291,58.5946270709394
2021,Cuyo,GC4,4078,7426220,57.0700145993036,55.3313254132076,58.8494315862697
2022,Cuyo,GC4,4305,7504660,58.3953798327768,56.6632737469567,60.1669617059492
2023,Cuyo,GC4,3716,7582048,48.888761967619,47.3284055118752,50.4874313381724
2010,NEA,GC1,5023,7525306,105.180781789623,102.231746995836,108.191980226725
2011,NEA,GC1,4425,7613788,89.6029089243424,86.9284160350699,92.3375127165041
2012,NEA,GC1,4687,7702098,92.166368515086,89.4982774485342,94.892705986573
2013,NEA,GC1,4340,7790108,83.4000866346297,80.8970320372137,85.9599540479684
2014,NEA,GC1,4211,7877618,78.5131345747049,76.1226601310633,80.9587018260427
2015,NEA,GC1,4475,7964360,80.5631505206633,78.1865797692635,82.9928332575268
2016,NEA,GC1,4896,8050348,85.7129448052523,83.2988657222107,88.1785745196784
2017,NEA,GC1,4690,8135580,80.066769275612,77.7671577378477,82.4165667852821
2018,NEA,GC1,4317,8219734,71.5245981087275,69.386322435334,73.7115378016118
2019,NEA,GC1,4375,8302518,69.98457080067,67.9080137546031,72.1080690185592
2020,NEA,GC1,4420,8383658,68.7098534126576,66.6850393952758,70.7802024453179
2021,NEA,GC1,5303,8463156,80.2335745808712,78.0763579567096,82.4350333360237
2022,NEA,GC1,5790,8541044,85.1222946280597,82.9336315039989,87.3538947444582
2023,NEA,GC1,5039,8617166,71.5398155343029,69.5701948054782,73.5508877925766
2010,NEA,GC2,1961,7525306,41.460902736163,39.6118476256548,43.3727755613462
2011,NEA,GC2,1968,7613788,40.1046160123321,38.3199097929192,41.9498438963485
2012,NEA,GC2,1900,7702098,36.9083090243548,35.2346461990603,38.6397536513846
2013,NEA,GC2,1765,7790108,33.3159670951537,31.7509122476731,34.9371223050612
2014,NEA,GC2,1520,7877618,28.0664326701364,26.6508412980593,29.5367869298984
2015,NEA,GC2,1768,7964360,30.7412946589642,29.2989676924408,32.235277987144
2016,NEA,GC2,1717,8050348,29.7495262735043,28.3389505499759,31.2113808273381
2017,NEA,GC2,1682,8135580,28.3128641563608,26.9588835747486,29.7165858856476
2018,NEA,GC2,1507,8219734,24.6154275597679,23.3748090138772,25.9042510335059
2019,NEA,GC2,1554,8302518,24.6668703719549,23.4441466742553,25.9363645606435
2020,NEA,GC2,1512,8383658,23.4553693761526,22.2787077487738,24.6776735862167
2021,NEA,GC2,1734,8463156,25.8729258390018,24.6604889356118,27.1292177266324
2022,NEA,GC2,1776,8541044,26.2483283053871,25.0365867140556,27.5033681664107
2023,NEA,GC2,1569,8617166,22.3043564945579,21.2099087613648,23.4404632525306
2010,NEA,GC3,1420,7525306,28.5711847828599,27.0699873176912,30.1325109863769
2011,NEA,GC3,1438,7613788,28.107283538432,26.6429720272788,29.6298701125817
2012,NEA,GC3,1584,7702098,30.3461014197074,28.844018649238,31.9050824363183
2013,NEA,GC3,1470,7790108,27.3575951682394,25.9525027848704,28.8179807206509
2014,NEA,GC3,1536,7877618,27.9108088892428,26.5114795922281,29.3639833301221
2015,NEA,GC3,1666,7964360,29.614393030478,28.1896536292383,31.0917288479557
2016,NEA,GC3,1850,8050348,31.7174926817727,30.2703582463059,33.2152717296763
2017,NEA,GC3,1677,8135580,27.9449264221917,26.6085878766355,29.3304326052522
2018,NEA,GC3,1655,8219734,26.726828863715,25.4416402575479,28.0596227596174
2019,NEA,GC3,1595,8302518,24.9056561389275,23.6863499948465,26.170986236102
2020,NEA,GC3,1523,8383658,23.130654787355,21.9750354288517,24.3309348972748
2021,NEA,GC3,1610,8463156,23.8219126156687,22.6653978929747,25.0218731413847
2022,NEA,GC3,1743,8541044,25.08018399346,23.9102088635563,26.2923666644247
2023,NEA,GC3,1704,8617166,23.9218076371782,22.7950328950317,25.0897032294115
2010,NEA,GC4,3899,7525306,82.6101506703278,79.9908107729167,85.2922580983298
2011,NEA,GC4,3726,7613788,76.2401100680971,73.7676754029775,78.7731701503748
2012,NEA,GC4,4077,7702098,81.4272904466589,78.9094851881054,84.0040811808883
2013,NEA,GC4,4480,7790108,87.3462442811611,84.7729904326034,89.9769731253845
2014,NEA,GC4,4979,7877618,94.5876229627338,91.9480367152932,97.2830980636392
2015,NEA,GC4,5317,7964360,98.0507546358757,95.4058067664509,100.749875196069
2016,NEA,GC4,6163,8050348,109.891190400989,107.138528224804,112.696176988305
2017,NEA,GC4,5382,8135580,93.3862555933767,90.8873389303281,95.9360405106969
2018,NEA,GC4,5739,8219734,96.5766491063362,94.0756936180086,99.126887995713
2019,NEA,GC4,5860,8302518,95.3354397535717,92.8941716416035,97.8243104455167
2020,NEA,GC4,5251,8383658,82.5527504403858,80.3226574395514,84.8288086588506
2021,NEA,GC4,5763,8463156,87.3828844831058,85.1304827188536,89.6795781695545
2022,NEA,GC4,6693,8541044,98.7059630740814,96.3456120325253,101.109349888556
2023,NEA,GC4,5749,8617166,82.2253384237988,80.1069371301253,84.385447854474
2010,NOA,GC1,6296,9337542,99.4403179030996,96.9708854969082,101.956187284653
2011,NOA,GC1,6157,9461558,93.8798823431871,91.523066695942,96.2815199431679
2012,NOA,GC1,6665,9585790,99.2505820819535,96.8581597284049,101.686717410974
2013,NOA,GC1,7114,9710098,103.462852528975,101.052474982338,105.915844855317
2014,NOA,GC1,6842,9834274,96.3059734128406,94.0189086819886,98.6342766079288
2015,NOA,GC1,7251,9958030,99.082206193447,96.7977468023885,101.406667091272
2016,NOA,GC1,6229,10081366,82.8068303282172,80.7496047273198,84.9029511347927
2017,NOA,GC1,6960,10204264,90.1518560151341,88.0347513206874,92.3068064033188
2018,NOA,GC1,8012,10326428,100.704905923517,98.5013323678636,102.945169210887
2019,NOA,GC1,7936,10447558,97.0817181176518,94.9490206313472,99.2500964352916
2020,NOA,GC1,8191,10567370,97.3811436117398,95.2772490733054,99.5196798399449
2021,NOA,GC1,9166,10685846,105.510297197451,103.355773242443,107.698339989764
2022,NOA,GC1,9950,10803002,111.291834974757,109.111232561785,113.504986740459
2023,NOA,GC1,9967,10918632,108.16275329211,106.046709815433,110.310355294637
2010,NOA,GC2,2500,9337542,39.2736078705071,37.729822479407,40.8637447048567
2011,NOA,GC2,2748,9461558,41.4102915732985,39.8558894252102,43.0091743164682
2012,NOA,GC2,2674,9585790,38.6941690757083,37.2207555823919,40.210334266868
2013,NOA,GC2,2638,9710098,36.9673651562129,35.5512261400682,38.4248779335344
2014,NOA,GC2,2415,9834274,33.2102380533405,31.8844595168626,34.5765285914222
2015,NOA,GC2,2447,9958030,32.9265927855051,31.6224704444059,34.270299596398
2016,NOA,GC2,2187,10081366,28.8535646966178,27.6479545117058,30.0979206482534
2017,NOA,GC2,2136,10204264,27.3942493410354,26.236802863715,28.589343039869
2018,NOA,GC2,2382,10326428,29.7267230691624,28.5379870713157,30.9520384288196
2019,NOA,GC2,2379,10447558,28.6634924311039,27.5167747536245,29.8455191152399
2020,NOA,GC2,2705,10567370,31.5801838268332,30.3951287573817,32.7994230265214
2021,NOA,GC2,2676,10685846,30.4024123970214,29.2568659296603,31.5811847444917
2022,NOA,GC2,2671,10803002,29.7886351131852,28.6668318089586,30.9430065669822
2023,NOA,GC2,2039,10918632,22.1214099845489,21.170081443239,23.1044222888249
2010,NOA,GC3,2015,9337542,31.2138659066897,29.8491775926308,32.6242796606441
2011,NOA,GC3,1942,9461558,29.1495054783073,27.8511781459363,30.4921599942415
2012,NOA,GC3,1953,9585790,28.6770482509079,27.4058183371848,29.9915555094556
2013,NOA,GC3,1833,9710098,26.2533744975331,25.0540593295301,27.4948594002915
2014,NOA,GC3,2014,9834274,27.7154533955947,26.5053264883719,28.966137236274
2015,NOA,GC3,2024,9958030,27.043370332587,25.8667006151529,28.2593763498508
2016,NOA,GC3,2316,10081366,30.3951876634902,29.1604291551976,31.6684885186182
2017,NOA,GC3,2198,10204264,27.9767187906721,26.8114431194,29.179348485635
2018,NOA,GC3,2471,10326428,30.5881865757229,29.3867200181467,31.8259411769786
2019,NOA,GC3,2399,10447558,29.1111309368012,27.952490594698,30.3052958682768
2020,NOA,GC3,2075,10567370,24.4172160004215,23.3738152409712,25.4950587173191
2021,NOA,GC3,2503,10685846,28.6034482251546,27.4905119784716,29.7497795072168
2022,NOA,GC3,2530,10803002,28.210078449553,27.119209465407,29.3335023127258
2023,NOA,GC3,2362,10918632,25.5215637399358,24.5009505885279,26.5737177709887
2010,NOA,GC4,4701,9337542,74.3015817322268,72.1685266649176,76.4811327476273
2011,NOA,GC4,4473,9461558,68.2938963974215,66.2835317038581,70.3491992114021
2012,NOA,GC4,4825,9585790,71.688255515192,69.6587831527983,73.7613870162303
2013,NOA,GC4,4958,9710098,71.4261703188977,69.4318588682055,73.4627983781154
2014,NOA,GC4,4877,9834274,68.6359292146799,66.7066216503228,70.6065166412706
2015,NOA,GC4,5449,9958030,74.7738505205048,72.7871209437347,76.8007700218382
2016,NOA,GC4,6875,10081366,91.7103026213248,89.5416556692564,93.9179579321199
2017,NOA,GC4,6135,10204264,79.9017296714589,77.9043223670784,81.9371924601027
2018,NOA,GC4,5149,10326428,65.0145031856668,63.2429383978718,66.8229463339421
2019,NOA,GC4,5210,10447558,64.3131677763019,62.5733287965363,66.0890096106401
2020,NOA,GC4,5474,10567370,65.4370240884374,63.7108826929773,67.1980032044134
2021,NOA,GC4,5837,10685846,67.4259172800636,65.7037931687461,69.1816881024029
2022,NOA,GC4,6421,10803002,72.2394879784109,70.4804943002317,74.031232161203
2023,NOA,GC4,5572,10918632,60.7401940823903,59.1539171314887,62.3582000428078
2010,Patagonia,GC1,2165,4935522,64.9909788641774,62.2429603095479,67.8277684505566
2011,Patagonia,GC1,2029,5029662,58.2104254593282,55.6694206111734,60.8362699513171
2012,Patagonia,GC1,1898,5123570,53.0011920915494,50.6151594459086,55.4696447194751
2013,Patagonia,GC1,2173,5217138,58.1665749218428,55.7169926272569,60.6951392925992
2014,Patagonia,GC1,2244,5310246,58.0568010536979,55.6541237982544,60.535691099186
2015,Patagonia,GC1,2304,5402766,57.8435275193983,55.483633731814,60.2772790409716
2016,Patagonia,GC1,2170,5494722,52.5839741407049,50.3755113477251,54.8636946506401
2017,Patagonia,GC1,2293,5586152,53.5251678931308,51.3398038003017,55.7790941330947
2018,Patagonia,GC1,2461,5676964,55.6118408573939,53.4220972573269,57.8678580206726
2019,Patagonia,GC1,2709,5767084,59.0550733691896,56.8398367033805,61.3341628695252
2020,Patagonia,GC1,2532,5856438,52.9951538300362,50.9409098093009,55.1106781844254
2021,Patagonia,GC1,2936,5945082,59.1552324769983,57.025935345943,61.343448088525
2022,Patagonia,GC1,2957,6033078,57.6537143026408,55.5876060489137,59.776786126821
2023,Patagonia,GC1,2592,6120372,48.6034283629406,46.7454077955645,50.516219986572
2010,Patagonia,GC2,1037,4935522,31.7008971492352,29.77582481377,33.7165355733337
2011,Patagonia,GC2,1121,5029662,32.7661898271654,30.8510806789487,34.767870130639
2012,Patagonia,GC2,1024,5123570,28.8626569913225,27.0998919006539,30.7088906357616
2013,Patagonia,GC2,996,5217138,26.6897855655751,25.0375584212998,28.4213678384517
2014,Patagonia,GC2,1043,5310246,27.097088854025,25.4589688034322,28.8120475008065
2015,Patagonia,GC2,1022,5402766,25.7593698580848,24.1888808837632,27.4042975415676
2016,Patagonia,GC2,850,5494722,20.4641166890593,19.0980198812979,21.9013913281761
2017,Patagonia,GC2,885,5586152,20.6698176994664,19.3188816188152,22.0896967569404
2018,Patagonia,GC2,949,5676964,21.2637571967792,19.92163587929,22.6719587676093
2019,Patagonia,GC2,854,5767084,18.7313785517111,17.4889626201737,20.038372090652
2020,Patagonia,GC2,1013,5856438,21.3365763487563,20.0360566204676,22.699018986077
2021,Patagonia,GC2,1048,5945082,21.2524628899695,19.9798270314364,22.5846475241376
2022,Patagonia,GC2,1110,6033078,21.7948493816151,20.5275922369284,23.1196821558238
2023,Patagonia,GC2,1070,6120372,20.3165075831163,19.1147274833647,21.5739252253131
2010,Patagonia,GC3,1091,4935522,31.8810913391021,29.9886915020201,33.8602331499513
2011,Patagonia,GC3,1110,5029662,31.3193811676122,29.4777269077156,33.2447077933107
2012,Patagonia,GC3,1033,5123570,28.0932247010017,26.3838761409779,29.8831500494493
2013,Patagonia,GC3,1114,5217138,29.4171407955987,27.6949986618834,31.2173813925848
2014,Patagonia,GC3,1190,5310246,29.9537649372265,28.2560847746398,31.72587538906
2015,Patagonia,GC3,1270,5402766,31.063617262258,29.3612937995588,32.8381303562653
2016,Patagonia,GC3,1404,5494722,33.4855749464756,31.740994188479,35.3004386598306
2017,Patagonia,GC3,1136,5586152,26.0624280247954,24.5569794278756,27.6354675323831
2018,Patagonia,GC3,1157,5676964,25.5719051832461,24.1090586449894,27.099816598618
2019,Patagonia,GC3,1096,5767084,23.4550387845358,22.0786859252736,24.8943318972948
2020,Patagonia,GC3,1118,5856438,23.0062907276372,21.6703862783453,24.4026667610552
2021,Patagonia,GC3,1160,5945082,23.0631877008376,21.7491346628179,24.4356100788678
2022,Patagonia,GC3,1104,6033078,21.2462139746125,20.0072827974106,22.5415903881041
2023,Patagonia,GC3,1123,6120372,20.8777941310227,19.6714012314902,22.1386713887866
2010,Patagonia,GC4,2008,4935522,62.015899312117,59.3029609525028,64.8198989860262
2011,Patagonia,GC4,2073,5029662,61.3971978234235,58.7537174581909,64.1279805434696
2012,Patagonia,GC4,2174,5123570,62.2320574746365,59.61867114994,64.9296876969265
2013,Patagonia,GC4,2307,5217138,63.7786664206288,61.1802354785178,66.4583668067535
2014,Patagonia,GC4,2362,5310246,62.9376773096767,60.4046596967198,65.5489749286856
2015,Patagonia,GC4,2412,5402766,62.0638043485496,59.5943723035478,64.6087428767634
2016,Patagonia,GC4,2553,5494722,63.2535328345325,60.8076274054742,65.772096669721
2017,Patagonia,GC4,2813,5586152,67.3436744329993,64.8643944215901,69.8930639509631
2018,Patagonia,GC4,2415,5676964,55.3887465142207,53.1906434745136,57.6540172983282
2019,Patagonia,GC4,2357,5767084,52.2794149411734,50.1814710066784,54.4422633274102
2020,Patagonia,GC4,2154,5856438,45.5567248406662,43.6454911047111,47.5298586466657
2021,Patagonia,GC4,2282,5945082,46.45986422404,44.5669033728777,48.4123589911945
2022,Patagonia,GC4,2633,6033078,52.0880682610121,50.112770958408,54.1211312805332
2023,Patagonia,GC4,2446,6120372,46.4477123903655,44.6216635710517,48.3291994094925
