anio,region_deis,jurisd_deis,nivel,total_count,total_pop,value,lowercl,uppercl
2010,Centro,Buenos Aires,GC1,34584,31433884,116.231283826774,115.007977007868,117.464347598814
2011,Centro,Buenos Aires,GC1,34721,31819214,114.588443134765,113.384645312754,115.801823263781
2012,Centro,Buenos Aires,GC1,33334,32201236,107.931992022989,106.774695531804,109.09869122414
2013,Centro,Buenos Aires,GC1,35885,32579198,114.006172079953,112.82783915246,115.193730569398
2014,Centro,Buenos Aires,GC1,32828,32952298,102.304283635724,101.198868013883,103.418749714927
2015,Centro,Buenos Aires,GC1,25584,33319862,78.1383363961599,77.18237227732,79.1031717950037
2016,Centro,Buenos Aires,GC1,29237,33682270,87.6230560970753,86.6202323195809,88.6345823527402
2017,Centro,Buenos Aires,GC1,27567,34040024,81.0331178700771,80.0782794028608,81.9964909188879
2018,Centro,Buenos Aires,GC1,29007,34392792,83.6975494685568,82.7361674133733,84.6673075416021
2019,Centro,Buenos Aires,GC1,29383,34740288,82.9799165321483,82.0329306048904,83.9350998378226
2020,Centro,Buenos Aires,GC1,27223,35082282,75.2993126427828,74.406580643326,76.20007460894
2021,Centro,Buenos Aires,GC1,30498,35419196,82.6573732320073,81.7312341012003,83.5913806758108
2022,Centro,Buenos Aires,GC1,36578,35751486,96.7601440242467,95.7697471001956,97.7582209735331
2023,Centro,Buenos Aires,GC1,36046,36079018,93.2223654204602,92.2608832550466,94.1913584476319
2010,Centro,Buenos Aires,GC2,22360,31433884,74.9722263230158,73.9915962377089,75.9625940514064
2011,Centro,Buenos Aires,GC2,22678,31819214,74.6008463774832,73.6317625651827,75.5794851017493
2012,Centro,Buenos Aires,GC2,21895,32201236,70.7084587375635,69.7736145297818,71.6526845374374
2013,Centro,Buenos Aires,GC2,20757,32579198,65.7043983133435,64.8122343123576,66.6057591302603
2014,Centro,Buenos Aires,GC2,19735,32952298,61.2440812720382,60.3913080133428,62.1058713529895
2015,Centro,Buenos Aires,GC2,17990,33319862,54.7305548524107,53.9325926442599,55.5373565209766
2016,Centro,Buenos Aires,GC2,19388,33682270,57.8834508764112,57.0705196552118,58.7050546805182
2017,Centro,Buenos Aires,GC2,16684,34040024,48.9566392791085,48.2157546567899,49.7060482621602
2018,Centro,Buenos Aires,GC2,16467,34392792,47.4834007672379,46.7601916399808,48.2149858846015
2019,Centro,Buenos Aires,GC2,17400,34740288,49.1796853981871,48.4509220758487,49.9166582013113
2020,Centro,Buenos Aires,GC2,16506,35082282,45.6948920873712,44.9996767830762,46.3981495868929
2021,Centro,Buenos Aires,GC2,20085,35419196,54.4738045470966,53.7220629065644,55.2334247854259
2022,Centro,Buenos Aires,GC2,21761,35751486,57.7156298903472,56.9500989544969,58.4888670305945
2023,Centro,Buenos Aires,GC2,19565,36079018,50.8594035156639,50.1477696629112,51.5785946603858
2010,Centro,Buenos Aires,GC3,8776,31433884,29.6199055039873,29.0026151175325,30.2470122583533
2011,Centro,Buenos Aires,GC3,8909,31819214,29.5513497506507,28.9399885828307,30.1723595205545
2012,Centro,Buenos Aires,GC3,8975,32201236,29.2232299789151,28.6208287584699,29.8351030684404
2013,Centro,Buenos Aires,GC3,8361,32579198,26.754586615569,26.183236992855,27.3352468030965
2014,Centro,Buenos Aires,GC3,8544,32952298,26.8392634977911,26.272266511898,27.4153997476669
2015,Centro,Buenos Aires,GC3,8851,33319862,27.2675012108943,26.7015641028908,27.8423995033621
2016,Centro,Buenos Aires,GC3,9215,33682270,27.8531883817012,27.2866660541091,28.4285006706144
2017,Centro,Buenos Aires,GC3,9714,34040024,28.787638016789,28.2173642744808,29.3665277455987
2018,Centro,Buenos Aires,GC3,9542,34392792,27.7246873038045,27.1706454743539,28.287175619501
2019,Centro,Buenos Aires,GC3,9732,34740288,27.70577853585,27.1575362007015,28.2622962681688
2020,Centro,Buenos Aires,GC3,8832,35082282,24.6412177091536,24.1294695568462,25.161077792597
2021,Centro,Buenos Aires,GC3,9180,35419196,25.0969586293942,24.5855771947145,25.6162897196469
2022,Centro,Buenos Aires,GC3,9748,35751486,26.0825084481879,25.5665680471299,26.606230220376
2023,Centro,Buenos Aires,GC3,9063,36079018,23.7442645594366,23.2570754669184,24.2390763772973
2010,Centro,Buenos Aires,GC4,15218,31433884,51.1583176249612,50.3477664067575,51.9786365632856
2011,Centro,Buenos Aires,GC4,15377,31819214,50.7048402186468,49.905491171948,51.5137717287912
2012,Centro,Buenos Aires,GC4,15701,32201236,50.8015577000075,50.0088827549828,51.6036358975729
2013,Centro,Buenos Aires,GC4,16372,32579198,51.9835907515063,51.1891391435004,52.7872702864762
2014,Centro,Buenos Aires,GC4,17861,32952298,55.5746884089795,54.7614150676727,56.3970034955824
2015,Centro,Buenos Aires,GC4,21640,33319862,66.0307216208283,65.1526429365552,66.9176642851847
2016,Centro,Buenos Aires,GC4,22986,33682270,68.9231097799146,68.0338401309616,69.8210881331847
2017,Centro,Buenos Aires,GC4,23628,34040024,69.3220138297051,68.4399503373607,70.2125966611598
2018,Centro,Buenos Aires,GC4,22312,34392792,64.2372670591482,63.3963158506246,65.0865779284731
2019,Centro,Buenos Aires,GC4,22798,34740288,64.2807821651516,63.4482846662307,65.1214661220435
2020,Centro,Buenos Aires,GC4,19392,35082282,53.7279466625076,52.9736463692651,54.4902932122535
2021,Centro,Buenos Aires,GC4,23726,35419196,64.4448847064627,63.6265259888894,65.2711310477458
2022,Centro,Buenos Aires,GC4,25951,35751486,68.4366026542961,67.6053608319563,69.2755033238279
2023,Centro,Buenos Aires,GC4,23353,36079018,60.2310644057137,59.4597364088666,61.0098861825895
2010,Centro,CABA,GC1,6117,6056962,70.3088445108004,68.4990699661139,72.1531509059221
2011,Centro,CABA,GC1,5777,6067278,65.9285576594855,64.1828410954162,67.708560459987
2012,Centro,CABA,GC1,5755,6077720,64.7181297571562,63.0028615551966,66.4671512114133
2013,Centro,CABA,GC1,6252,6088152,69.8095935676825,68.0372805264785,71.6153527426929
2014,Centro,CABA,GC1,6546,6098458,71.9649322220728,70.182958441217,73.7797628239759
2015,Centro,CABA,GC1,6108,6108534,67.0859454038226,65.3680967848548,68.8365962520684
2016,Centro,CABA,GC1,6230,6118244,68.1613252651778,66.4352396156853,69.9200427328483
2017,Centro,CABA,GC1,5958,6127456,64.939931292093,63.2581374555067,66.6542449193907
2018,Centro,CABA,GC1,5286,6136086,57.2164828603956,55.6446694873538,58.8205847717445
2019,Centro,CABA,GC1,5667,6144058,60.8648103233836,59.2509314200357,62.5106956436851
2020,Centro,CABA,GC1,5205,6151292,56.1797959351818,54.6248261041401,57.7669587122545
2021,Centro,CABA,GC1,5645,6157672,60.3636833199771,58.759046765482,62.0002056275494
2022,Centro,CABA,GC1,6081,6163100,64.2428785099442,62.5947150005155,65.922584142692
2023,Centro,CABA,GC1,6117,6167540,63.6280767171458,62.000482569788,65.2867265768468
2010,Centro,CABA,GC2,4080,6056962,45.9262108331155,44.4784120922743,47.4079150118602
2011,Centro,CABA,GC2,3826,6067278,43.0133245675759,41.6126570284458,44.4478793935278
2012,Centro,CABA,GC2,3464,6077720,38.7954214629714,37.4704837270337,40.1540705031589
2013,Centro,CABA,GC2,3405,6088152,37.7431458531462,36.4426743181598,39.0769956547169
2014,Centro,CABA,GC2,2745,6098458,32.0755032488291,30.8431816173736,33.3431084237299
2015,Centro,CABA,GC2,2439,6108534,27.5294012730699,26.412316243292,28.6804500560201
2016,Centro,CABA,GC2,2757,6118244,31.2842191803219,30.0871729669863,32.5154630971604
2017,Centro,CABA,GC2,2686,6127456,30.2405287352699,29.0684532070394,31.4465352538739
2018,Centro,CABA,GC2,2767,6136086,31.0716694597381,29.8857148898545,32.2914426237395
2019,Centro,CABA,GC2,3057,6144058,33.5501392115056,32.3324456597385,34.8008432183518
2020,Centro,CABA,GC2,3553,6151292,37.5973240811272,36.3335160279423,38.8928771756715
2021,Centro,CABA,GC2,3757,6157672,39.5125003844372,38.21980646333,40.8367590452643
2022,Centro,CABA,GC2,3254,6163100,34.3492787118034,33.1374233891313,35.5929616565215
2023,Centro,CABA,GC2,2619,6167540,27.7500605101689,26.6567606931544,28.8754195712698
2010,Centro,CABA,GC3,3961,6056962,45.6618478634477,44.2069058556718,47.151377280753
2011,Centro,CABA,GC3,4081,6067278,46.4275040131589,44.9707398843929,47.9183793028234
2012,Centro,CABA,GC3,4125,6077720,46.6035291159285,45.1503143290545,48.0905876495539
2013,Centro,CABA,GC3,2322,6088152,27.2850389638799,26.1538740503157,28.4514661747442
2014,Centro,CABA,GC3,2178,6098458,25.0339464156156,23.9646806294642,26.137648327365
2015,Centro,CABA,GC3,2266,6108534,26.3198547861244,25.2182789245204,27.4561995930927
2016,Centro,CABA,GC3,2357,6118244,26.8293594176533,25.7282134984877,27.9645716771991
2017,Centro,CABA,GC3,2397,6127456,26.7350421989703,25.6472036767247,27.856248631651
2018,Centro,CABA,GC3,2078,6136086,23.3488673706321,22.3291571032054,24.4022128423851
2019,Centro,CABA,GC3,1832,6144058,21.0537548301876,20.0749853074783,22.0669489417575
2020,Centro,CABA,GC3,1411,6151292,16.478044504893,15.6069211309753,17.3841732664132
2021,Centro,CABA,GC3,1429,6157672,16.7310834514524,15.8508957727391,17.6464124127944
2022,Centro,CABA,GC3,1849,6163100,20.4619918804155,19.5145644902503,21.4425850318923
2023,Centro,CABA,GC3,1913,6167540,20.9000350312026,19.9476597582016,21.8851762390199
2010,Centro,CABA,GC4,4225,6056962,45.6853428986782,44.2800781944016,47.1229400861184
2011,Centro,CABA,GC4,4043,6067278,43.2845599842848,41.9230858011791,44.6780654522816
2012,Centro,CABA,GC4,3860,6077720,41.6378731178107,40.2988065430636,43.0091917332034
2013,Centro,CABA,GC4,4939,6088152,52.4383034562519,50.948995097714,53.9592743735739
2014,Centro,CABA,GC4,5635,6098458,60.1328581471077,58.5346847962941,61.7628172957776
2015,Centro,CABA,GC4,5582,6108534,59.6493639947008,58.0575067870417,61.2730329810792
2016,Centro,CABA,GC4,6295,6118244,67.023590311179,65.3399048587813,68.7389395313279
2017,Centro,CABA,GC4,6225,6127456,65.4541247179497,63.8027016666855,67.1367807502721
2018,Centro,CABA,GC4,5691,6136086,60.1958806227027,58.6065582938782,61.8166551047694
2019,Centro,CABA,GC4,5774,6144058,60.5126404005342,58.9267745074846,62.1296612076889
2020,Centro,CABA,GC4,5004,6151292,52.6359336122949,51.1544327241985,54.1487234505698
2021,Centro,CABA,GC4,4978,6157672,52.1331371846902,50.6606114783267,53.6368443444889
2022,Centro,CABA,GC4,5629,6163100,57.4503352851424,55.9238419433417,59.0072051471475
2023,Centro,CABA,GC4,4942,6167540,49.8327610414245,48.4189501010877,51.2766202409991
2010,Centro,Córdoba,GC1,4455,6746050,67.6049679053299,65.6317991064668,69.622333489943
2011,Centro,Córdoba,GC1,4502,6823546,67.1647854855884,65.2144470017012,69.1585779425927
2012,Centro,Córdoba,GC1,4401,6901346,64.4005225057078,62.5092038399328,66.3344669291421
2013,Centro,Córdoba,GC1,4639,6979338,66.6520130336319,64.745014209382,68.6008604795565
2014,Centro,Córdoba,GC1,4506,7057374,63.4841913557177,61.6414632534535,65.3679573972494
2015,Centro,Córdoba,GC1,4950,7135308,68.3296702164315,66.4368407996873,70.2626957512603
2016,Centro,Córdoba,GC1,5408,7213080,73.2172329599009,71.2762202308261,75.1976610232515
2017,Centro,Córdoba,GC1,5025,7290642,66.6305791372388,64.7986146840749,68.5011523773995
2018,Centro,Córdoba,GC1,5193,7367874,67.4811916218677,65.6558237406119,69.3443947079861
2019,Centro,Córdoba,GC1,5467,7444664,69.4909450253422,67.6583241135585,71.3605766077745
2020,Centro,Córdoba,GC1,4791,7520900,59.7634453240927,58.0800137736252,61.4832215923043
2021,Centro,Córdoba,GC1,5805,7596522,70.6656210570474,68.8554947504454,72.5112118497943
2022,Centro,Córdoba,GC1,6403,7671476,76.1282593171181,74.2701429340786,78.021020853105
2023,Centro,Córdoba,GC1,5290,7745660,61.4526501167472,59.8025459541105,63.1366381214152
2010,Centro,Córdoba,GC2,2595,6746050,39.0490925782402,37.5591925616708,40.5828863235342
2011,Centro,Córdoba,GC2,2733,6823546,40.4503286044432,38.9460626732888,41.9977602652115
2012,Centro,Córdoba,GC2,2759,6901346,40.1734813355173,38.6862842066099,41.703149673505
2013,Centro,Córdoba,GC2,2616,6979338,37.3952388490253,35.9737017108472,38.8584845382674
2014,Centro,Córdoba,GC2,2465,7057374,34.480676733974,33.1309603335204,35.8712091931899
2015,Centro,Córdoba,GC2,2441,7135308,33.5125177253456,32.1944065279247,34.8706879623632
2016,Centro,Córdoba,GC2,2898,7213080,39.0020010154715,37.5931264645645,40.4501183317321
2017,Centro,Córdoba,GC2,2974,7290642,39.2202693023303,37.8214982142554,40.6574931147763
2018,Centro,Córdoba,GC2,2799,7367874,36.2265857739808,34.8949356337839,37.5959880692193
2019,Centro,Córdoba,GC2,2780,7444664,35.1652941166153,33.8682846469744,36.4992010821141
2020,Centro,Córdoba,GC2,2792,7520900,34.5409605079982,33.2693373064313,35.8486799750453
2021,Centro,Córdoba,GC2,3073,7596522,37.2010547019446,35.8944888868591,38.5429465084268
2022,Centro,Córdoba,GC2,2915,7671476,34.3975337473681,33.1569616719726,35.6725582458372
2023,Centro,Córdoba,GC2,2407,7745660,27.5168575436786,26.4253629070622,28.641761447151
2010,Centro,Córdoba,GC3,2321,6746050,35.4040975051828,33.9765845448821,36.8761206992466
2011,Centro,Córdoba,GC3,2261,6823546,33.8471785547762,32.4645374692999,35.2735088863365
2012,Centro,Córdoba,GC3,2312,6901346,34.0300002740135,32.6550915219325,35.4478638360137
2013,Centro,Córdoba,GC3,2348,6979338,33.8459027723754,32.4889365330115,35.24493145726
2014,Centro,Córdoba,GC3,2257,7057374,31.9592399902048,30.6524363369825,33.3073737576347
2015,Centro,Córdoba,GC3,2034,7135308,28.2100954969138,26.9957677677925,29.4649166988207
2016,Centro,Córdoba,GC3,1978,7213080,26.9077899134918,25.7334462697618,28.1218543853335
2017,Centro,Córdoba,GC3,1932,7290642,25.7892776473316,24.6505559311637,26.9669797018207
2018,Centro,Córdoba,GC3,1881,7367874,24.5914312025029,23.4910637562035,25.7299829328143
2019,Centro,Córdoba,GC3,1854,7444664,23.7722446798546,22.7006840600262,24.8812648990063
2020,Centro,Córdoba,GC3,1812,7520900,22.7091154232411,21.673611316514,23.7812438741721
2021,Centro,Córdoba,GC3,2002,7596522,24.6177404987294,23.5487496086079,25.7226673925925
2022,Centro,Córdoba,GC3,2126,7671476,25.3792674901024,24.3090951492426,26.4843315955244
2023,Centro,Córdoba,GC3,2063,7745660,24.1482164972816,23.1140841286064,25.2165858170519
2010,Centro,Córdoba,GC4,3856,6746050,58.5121311817371,56.6778094855848,60.3906565814994
2011,Centro,Córdoba,GC4,3758,6823546,56.0532561222191,54.2732926226874,57.8766765510419
2012,Centro,Córdoba,GC4,3618,6901346,52.995202058261,51.2802135184206,54.7528746013992
2013,Centro,Córdoba,GC4,4250,6979338,60.9497862566885,59.1287053485011,62.8126418168362
2014,Centro,Córdoba,GC4,3950,7057374,55.4465321958097,53.7288503676456,57.2051049418154
2015,Centro,Córdoba,GC4,4331,7135308,59.6055398743481,57.8415597406135,61.4095998588418
2016,Centro,Córdoba,GC4,4977,7213080,67.1548547983076,65.299879716035,69.0491138789959
2017,Centro,Córdoba,GC4,4615,7290642,60.9292485627174,59.1819436947116,62.7149983890648
2018,Centro,Córdoba,GC4,4474,7367874,58.0189634739508,56.3290845594787,59.7466123465664
2019,Centro,Córdoba,GC4,4349,7444664,55.0180514530405,53.3926800216338,56.6802759104156
2020,Centro,Córdoba,GC4,3837,7520900,47.636214905798,46.1382825013834,49.1703351146682
2021,Centro,Córdoba,GC4,4531,7596522,55.312515424232,53.7102213972288,56.9503930884009
2022,Centro,Córdoba,GC4,4762,7671476,56.3969355790655,54.8025995090235,58.0257987261591
2023,Centro,Córdoba,GC4,4072,7745660,47.0872308401363,45.6477646104516,48.560440897228
2010,Centro,Entre Ríos,GC1,2419,2511148,107.721225706766,103.465607246521,112.106774337299
2011,Centro,Entre Ríos,GC1,2771,2537488,120.748121117469,116.288712051556,125.334601114256
2012,Centro,Entre Ríos,GC1,2719,2563862,115.90782117987,111.587190975282,120.352758040781
2013,Centro,Entre Ríos,GC1,2993,2590242,124.988047509056,120.546223262405,129.551585071283
2014,Centro,Entre Ríos,GC1,2782,2616580,113.505073252593,109.322750912585,117.806331404443
2015,Centro,Entre Ríos,GC1,2701,2642830,107.758878349396,103.73039384493,111.903656004738
2016,Centro,Entre Ríos,GC1,3146,2668978,122.544208868596,118.296583201982,126.905318857131
2017,Centro,Entre Ríos,GC1,2851,2695016,108.42818001542,104.482193635693,112.484994022282
2018,Centro,Entre Ríos,GC1,2918,2720886,108.458481618398,104.556594852546,112.468672674025
2019,Centro,Entre Ríos,GC1,3007,2746540,109.137511576884,105.268814534822,113.111966523741
2020,Centro,Entre Ríos,GC1,3017,2771922,106.992019381374,103.20507687483,110.882310597801
2021,Centro,Entre Ríos,GC1,3767,2797020,130.328692545676,126.195485681266,134.562687376073
2022,Centro,Entre Ríos,GC1,4195,2821816,141.381634066624,137.129747710121,145.731701907234
2023,Centro,Entre Ríos,GC1,3567,2846272,117.43527545286,113.605677376029,121.360875960544
2010,Centro,Entre Ríos,GC2,894,2511148,40.0320294843594,37.4493460735808,42.7458327334209
2011,Centro,Entre Ríos,GC2,806,2537488,35.2756847425599,32.8808363964713,37.7987705217114
2012,Centro,Entre Ríos,GC2,824,2563862,35.2341842351822,32.8680144973883,37.7256241666736
2013,Centro,Entre Ríos,GC2,827,2590242,34.564624878897,32.2476240918413,37.0040636541122
2014,Centro,Entre Ríos,GC2,715,2616580,29.1701582392708,27.069824447834,31.3901165728443
2015,Centro,Entre Ríos,GC2,731,2642830,29.067902855728,26.9977291581435,31.2546461542749
2016,Centro,Entre Ríos,GC2,796,2668978,30.9784466729951,28.8624365405237,33.2084935223225
2017,Centro,Entre Ríos,GC2,729,2695016,27.6769473515987,25.7030805928356,29.7621177808242
2018,Centro,Entre Ríos,GC2,687,2720886,25.4013032037235,23.5361676342642,27.3748783911562
2019,Centro,Entre Ríos,GC2,688,2746540,24.8567754402927,23.0328741070344,26.7866394948635
2020,Centro,Entre Ríos,GC2,703,2771922,24.7432446445181,22.9464055749774,26.6433195894919
2021,Centro,Entre Ríos,GC2,781,2797020,26.7407651295462,24.8962082565392,28.6857076532885
2022,Centro,Entre Ríos,GC2,864,2821816,28.8125226562406,26.9208087666393,30.8019762849852
2023,Centro,Entre Ríos,GC2,704,2846272,22.886935564408,21.2244554131112,24.6448621353193
2010,Centro,Entre Ríos,GC3,666,2511148,29.4992223490437,27.2975233904228,31.8309954950536
2011,Centro,Entre Ríos,GC3,681,2537488,29.6689402581633,27.4791725056054,31.9865992137006
2012,Centro,Entre Ríos,GC3,681,2563862,28.951537170664,26.8150670795595,31.212785667954
2013,Centro,Entre Ríos,GC3,629,2590242,26.3044445568894,24.2869288571157,28.4447226736955
2014,Centro,Entre Ríos,GC3,667,2616580,27.1261071880032,25.1039608055209,29.2676275126045
2015,Centro,Entre Ríos,GC3,735,2642830,29.2773694764938,27.1969579048867,31.4745982006968
2016,Centro,Entre Ríos,GC3,695,2668978,27.1644001767719,25.1807029580793,29.2627436412751
2017,Centro,Entre Ríos,GC3,659,2695016,25.2257198975215,23.3351995092548,27.2285410420396
2018,Centro,Entre Ríos,GC3,675,2720886,25.2408895646335,23.3712959296201,27.2201745895634
2019,Centro,Entre Ríos,GC3,686,2746540,25.0494670705625,23.2085726763406,26.99747213668
2020,Centro,Entre Ríos,GC3,668,2771922,23.9245040846457,22.1430340492148,25.8110588806952
2021,Centro,Entre Ríos,GC3,678,2797020,23.7803827482228,22.0221422780074,25.6415456439931
2022,Centro,Entre Ríos,GC3,711,2821816,24.2291792001023,22.4783375063255,26.0800289055653
2023,Centro,Entre Ríos,GC3,581,2846272,19.5133919983099,17.955723725059,21.1698111033109
2010,Centro,Entre Ríos,GC4,1469,2511148,65.777954314955,62.4547788019737,69.2319488300416
2011,Centro,Entre Ríos,GC4,1504,2537488,65.8530962561927,62.5642476089462,69.26986505562
2012,Centro,Entre Ríos,GC4,1398,2563862,59.8107579623466,56.7139457031398,63.0326031175921
2013,Centro,Entre Ríos,GC4,1423,2590242,59.4600181666406,56.4084498556168,62.6336818081773
2014,Centro,Entre Ríos,GC4,1268,2616580,51.6897624350283,48.8819630894067,54.6167268506752
2015,Centro,Entre Ríos,GC4,1297,2642830,51.7188020385719,48.9405645038819,54.6135939844382
2016,Centro,Entre Ríos,GC4,1535,2668978,59.8177127964019,56.8609240376481,62.8883144079819
2017,Centro,Entre Ríos,GC4,1415,2695016,53.8622769048737,51.090710069852,56.7450559237361
2018,Centro,Entre Ríos,GC4,1549,2720886,57.5214281503704,54.6910833384939,60.4602149343206
2019,Centro,Entre Ríos,GC4,1577,2746540,57.2060037235245,54.4156107149808,60.102334811427
2020,Centro,Entre Ríos,GC4,1482,2771922,52.5130919335044,49.8713364144351,55.2583749856284
2021,Centro,Entre Ríos,GC4,1393,2797020,48.2521747324265,45.7488390221263,50.8567671326572
2022,Centro,Entre Ríos,GC4,1801,2821816,60.4401157366037,57.6772244119188,63.3010304560827
2023,Centro,Entre Ríos,GC4,1491,2846272,48.8562114359305,46.4033527391768,51.4048982397816
2010,Centro,Santa Fe,GC1,6593,6515814,96.6158170956683,94.2884318966388,98.9859608653971
2011,Centro,Santa Fe,GC1,7148,6570816,103.138263236091,100.750485999075,105.568154187283
2012,Centro,Santa Fe,GC1,6871,6626424,97.8598271498303,95.5488480741462,100.21238698974
2013,Centro,Santa Fe,GC1,6869,6682456,96.5302204412485,94.2499427442423,98.8515325335185
2014,Centro,Santa Fe,GC1,5988,6738730,82.7776060938801,80.6842573961731,84.9113299550282
2015,Centro,Santa Fe,GC1,6252,6795064,85.3277074523308,83.215222252493,87.4800583310949
2016,Centro,Santa Fe,GC1,7484,6851312,100.280927429281,98.0108534317926,102.59012144941
2017,Centro,Santa Fe,GC1,7044,6907348,92.7952716980292,90.6306171453373,94.9983882668248
2018,Centro,Santa Fe,GC1,7347,6963028,95.1872911892489,93.012777524882,97.3996292020156
2019,Centro,Santa Fe,GC1,7757,7018226,98.936538730372,96.7366517817057,101.173656794883
2020,Centro,Santa Fe,GC1,7602,7072836,95.3666277494277,93.2243638125089,97.5455188097074
2021,Centro,Santa Fe,GC1,8593,7126780,106.199355418304,103.954361882922,108.480431130961
2022,Centro,Santa Fe,GC1,9398,7179998,113.284174339505,110.993484868018,115.610054653391
2023,Centro,Santa Fe,GC1,8714,7232454,103.3478852875,101.177065126984,105.553350262721
2010,Centro,Santa Fe,GC2,2339,6515814,34.1744711348631,32.7974285691515,35.5942819014937
2011,Centro,Santa Fe,GC2,2264,6570816,32.5148457233319,31.1837913866817,33.8879308889235
2012,Centro,Santa Fe,GC2,2149,6626424,30.4463902501481,29.1667449748877,31.7675290712911
2013,Centro,Santa Fe,GC2,2188,6682456,30.6997326978912,29.4207339673902,32.0198261882479
2014,Centro,Santa Fe,GC2,1948,6738730,26.6066664747617,25.4324719731167,27.8208871051829
2015,Centro,Santa Fe,GC2,1915,6795064,25.7715163943845,24.6244856101337,26.9579891254555
2016,Centro,Santa Fe,GC2,2001,6851312,26.5477333301341,25.3915592726916,27.7427840960948
2017,Centro,Santa Fe,GC2,1901,6907348,24.9945088531804,23.8781486840403,26.1494000881765
2018,Centro,Santa Fe,GC2,1798,6963028,23.2207283395844,22.1544168813723,24.3249031503679
2019,Centro,Santa Fe,GC2,1756,7018226,22.3461271145715,21.3078942560285,23.4216731993559
2020,Centro,Santa Fe,GC2,1899,7072836,23.667705705333,22.6096331490084,24.7623171257281
2021,Centro,Santa Fe,GC2,2126,7126780,26.2423577943347,25.1323510751385,27.3885550331602
2022,Centro,Santa Fe,GC2,1950,7179998,23.218338286727,22.1935004475228,24.2780927064324
2023,Centro,Santa Fe,GC2,1658,7232454,19.4678554828473,18.5364004943243,20.4337810824317
2010,Centro,Santa Fe,GC3,2527,6515814,37.4050763808331,35.9548329301182,38.898625651789
2011,Centro,Santa Fe,GC3,2217,6570816,32.3052441966431,30.9684277139751,33.6847263615052
2012,Centro,Santa Fe,GC3,2364,6626424,34.0314480745921,32.6671290882307,35.4379116338389
2013,Centro,Santa Fe,GC3,2488,6682456,35.2323866178073,33.8547261006458,36.6515120340643
2014,Centro,Santa Fe,GC3,2488,6738730,34.7160454957439,33.358750712777,36.1141922088616
2015,Centro,Santa Fe,GC3,2444,6795064,33.4569445704629,32.1370292490882,34.8169487228912
2016,Centro,Santa Fe,GC3,2714,6851312,36.7127610401844,35.337863596165,38.1272519569998
2017,Centro,Santa Fe,GC3,2507,6907348,33.4088113599062,32.1076336566223,34.7490008443483
2018,Centro,Santa Fe,GC3,2236,6963028,29.3145284083623,28.106238260072,30.561215150306
2019,Centro,Santa Fe,GC3,2250,7018226,29.0029783941759,27.8111766591853,30.2325326987643
2020,Centro,Santa Fe,GC3,2131,7072836,26.9493632399427,25.8117096446403,28.1240644320398
2021,Centro,Santa Fe,GC3,2313,7126780,29.0298908582216,27.8528567006201,30.2436897541824
2022,Centro,Santa Fe,GC3,2487,7179998,30.4376579757633,29.2467577241444,31.6644093307652
2023,Centro,Santa Fe,GC3,2359,7232454,28.4390918010929,27.2964980476815,29.6170189314405
2010,Centro,Santa Fe,GC4,4872,6515814,70.9571445898962,68.9711777582906,72.9856256330302
2011,Centro,Santa Fe,GC4,4701,6570816,67.4001361258705,65.4796215979835,69.3625136816587
2012,Centro,Santa Fe,GC4,4095,6626424,57.8908133471516,56.1237332481567,59.699199171983
2013,Centro,Santa Fe,GC4,4343,6682456,60.3704612836737,58.5803275928641,62.2012121325421
2014,Centro,Santa Fe,GC4,4495,6738730,61.3149166525203,59.5271744556785,63.1425215244535
2015,Centro,Santa Fe,GC4,4603,6795064,61.8791068672152,60.0959724118263,63.7015263468367
2016,Centro,Santa Fe,GC4,5387,6851312,71.5546430117937,69.6474711140223,73.5006193115463
2017,Centro,Santa Fe,GC4,4915,6907348,64.0118971723439,62.2266178672727,65.8352249930068
2018,Centro,Santa Fe,GC4,4644,6963028,59.4840797967869,57.7778358898656,61.2277464020707
2019,Centro,Santa Fe,GC4,4868,7018226,61.3881612182084,59.6679340726999,63.1452291079637
2020,Centro,Santa Fe,GC4,4261,7072836,53.2528778078014,51.658332978282,54.8839528281965
2021,Centro,Santa Fe,GC4,5153,7126780,64.1688322639017,62.4196923331761,65.9543694435923
2022,Centro,Santa Fe,GC4,5591,7179998,66.8252106988593,65.0763189603534,68.6090239531271
2023,Centro,Santa Fe,GC4,4608,7232454,53.9087474526761,52.3550888838125,55.4966165598967
2010,Cuyo,Mendoza,GC1,1411,3549474,44.4896047610253,42.1945615686636,46.8768724062242
2011,Cuyo,Mendoza,GC1,1251,3594470,38.5962833366731,36.4840061430355,40.7988283538676
2012,Cuyo,Mendoza,GC1,1255,3639216,37.7874237828889,35.722984237743,39.9399428308475
2013,Cuyo,Mendoza,GC1,1265,3683626,37.0846790773387,35.066487721258,39.1886278209524
2014,Cuyo,Mendoza,GC1,1311,3727618,37.5148070191621,35.5087867267913,39.604524333609
2015,Cuyo,Mendoza,GC1,1513,3771102,42.3404749287669,40.2315160241572,44.5312125182953
2016,Cuyo,Mendoza,GC1,1563,3814090,42.6440402316502,40.553996954282,44.8137945873244
2017,Cuyo,Mendoza,GC1,1702,3856608,45.2326264809224,43.107654973245,47.4351937873907
2018,Cuyo,Mendoza,GC1,1387,3898586,36.1253968182212,34.2475620647125,38.079355305856
2019,Cuyo,Mendoza,GC1,1659,3939964,42.2968400167777,40.2837580547715,44.384397745689
2020,Cuyo,Mendoza,GC1,1884,3980676,46.9919898931332,44.8913506729331,49.1654650579468
2021,Cuyo,Mendoza,GC1,1920,4020726,46.5051023632649,44.4450307079735,48.6359178707303
2022,Cuyo,Mendoza,GC1,1864,4060122,43.8699493441568,41.8973326309618,45.9113359985887
2023,Cuyo,Mendoza,GC1,1737,4098822,39.9525571624906,38.0907858802953,41.8816111341573
2010,Cuyo,Mendoza,GC2,1236,3549474,39.3247086917904,37.1614003701003,41.5810380622517
2011,Cuyo,Mendoza,GC2,1279,3594470,39.5647444988534,37.4244544279398,41.795469561396
2012,Cuyo,Mendoza,GC2,1310,3639216,39.5465289838025,37.432338025706,41.7489645892703
2013,Cuyo,Mendoza,GC2,1417,3683626,41.631411353177,39.4901342988026,43.8585475296689
2014,Cuyo,Mendoza,GC2,1118,3727618,32.0509362268399,30.1979931886373,33.9877553243481
2015,Cuyo,Mendoza,GC2,1330,3771102,37.2078740650782,35.2334112816244,39.2641132848794
2016,Cuyo,Mendoza,GC2,1071,3814090,29.1213150028605,27.4021839402365,30.9199967554575
2017,Cuyo,Mendoza,GC2,1039,3856608,27.4881724138002,25.8411965914201,29.2125545988547
2018,Cuyo,Mendoza,GC2,1006,3898586,25.9937040198295,24.4112685524581,27.6517540236039
2019,Cuyo,Mendoza,GC2,1129,3939964,28.5223484490169,26.8814677053092,30.237134311004
2020,Cuyo,Mendoza,GC2,1236,3980676,30.3957472668089,28.7231859876515,32.1402277461844
2021,Cuyo,Mendoza,GC2,1210,4020726,29.0665915284493,27.4497295170803,30.7537383242154
2022,Cuyo,Mendoza,GC2,1327,4060122,30.8494347670984,29.2092930675645,32.5575847893729
2023,Cuyo,Mendoza,GC2,1058,4098822,23.998966014583,22.5712726593621,25.4931390522271
2010,Cuyo,Mendoza,GC3,1081,3549474,34.21616127772,32.2041389244306,36.3208450271966
2011,Cuyo,Mendoza,GC3,1122,3594470,34.6262908426585,32.6272120311408,36.7156953261907
2012,Cuyo,Mendoza,GC3,1241,3639216,37.3375435059601,35.2865265435223,39.4765710397753
2013,Cuyo,Mendoza,GC3,1147,3683626,33.685891053448,31.7623908060474,35.6953264675364
2014,Cuyo,Mendoza,GC3,985,3727618,28.2140819244962,26.4777239520441,30.0343123539921
2015,Cuyo,Mendoza,GC3,950,3771102,26.6238412071542,24.9557465693696,28.3740212192474
2016,Cuyo,Mendoza,GC3,978,3814090,26.7278812267337,25.0772837944781,28.4585009149638
2017,Cuyo,Mendoza,GC3,821,3856608,22.0286691215214,20.5463501205223,23.5896127103168
2018,Cuyo,Mendoza,GC3,1075,3898586,28.0063954898724,26.3558243140445,29.7331990165392
2019,Cuyo,Mendoza,GC3,1119,3939964,28.3442575258056,26.7064448129544,30.0561741705166
2020,Cuyo,Mendoza,GC3,1015,3980676,25.2227319410217,23.6929537800841,26.8252752561198
2021,Cuyo,Mendoza,GC3,899,4020726,21.8024780610769,20.3983513232288,23.2776866996227
2022,Cuyo,Mendoza,GC3,938,4060122,22.1544226811719,20.7565211406514,23.621564099366
2023,Cuyo,Mendoza,GC3,918,4098822,21.0838338971945,19.7384186908006,22.4966309733558
2010,Cuyo,Mendoza,GC4,1383,3549474,43.8211047512124,41.5390565751974,46.1957993318655
2011,Cuyo,Mendoza,GC4,1523,3594470,47.076043270383,44.7388904013293,49.5035191359659
2012,Cuyo,Mendoza,GC4,1483,3639216,44.7436377175919,42.4922930437907,47.0831797579338
2013,Cuyo,Mendoza,GC4,1581,3683626,46.2075324693069,43.9550872389368,48.5453819426877
2014,Cuyo,Mendoza,GC4,2026,3727618,57.8821727729004,55.3858734493827,60.4618819176794
2015,Cuyo,Mendoza,GC4,2071,3771102,57.8867458715667,55.4180141759651,60.437048825429
2016,Cuyo,Mendoza,GC4,2403,3814090,65.4601221355291,62.8668726068391,68.1328148916396
2017,Cuyo,Mendoza,GC4,2216,3856608,58.9568545813488,56.5260117155321,61.4652977601979
2018,Cuyo,Mendoza,GC4,2084,3898586,54.1767874556703,51.8740545607762,56.555364736199
2019,Cuyo,Mendoza,GC4,1969,3939964,49.8725661624992,47.6922899149396,52.1267592325018
2020,Cuyo,Mendoza,GC4,2254,3980676,55.8652577576644,53.5803712026323,58.2224570408348
2021,Cuyo,Mendoza,GC4,2185,4020726,52.7743931681217,50.5816939645034,55.0375939087563
2022,Cuyo,Mendoza,GC4,2311,4060122,54.0576818176985,51.8724608946616,56.3111882933851
2023,Cuyo,Mendoza,GC4,2003,4098822,45.5342888568506,43.5576588031421,47.5773499018536
2010,Cuyo,Cuyo2,GC1,1013,2965204,46.775189099813,43.9126673979592,49.7740068278554
2011,Cuyo,Cuyo2,GC1,1084,3005160,48.1338736714001,45.2847586177861,51.1140152204467
2012,Cuyo,Cuyo2,GC1,1165,3045280,50.4442127170197,47.5674198745726,53.4485095829996
2013,Cuyo,Cuyo2,GC1,1139,3085514,47.7429182208869,44.990898682641,50.6183298037566
2014,Cuyo,Cuyo2,GC1,1174,3125804,48.0463324275389,45.3215397614377,50.8914172542788
2015,Cuyo,Cuyo2,GC1,1302,3166076,51.7075126816396,48.9242506625988,54.6073103486929
2016,Cuyo,Cuyo2,GC1,1231,3206326,47.3617778163544,44.7415148018725,50.094944641133
2017,Cuyo,Cuyo2,GC1,1281,3246532,48.2122974795478,45.599161796809,50.9357593735708
2018,Cuyo,Cuyo2,GC1,1359,3286626,49.2505711470473,46.6593160408654,51.9479713752238
2019,Cuyo,Cuyo2,GC1,1573,3326524,55.3886207795025,52.679016577454,58.2012293229329
2020,Cuyo,Cuyo2,GC1,1921,3366152,65.596268387873,62.6911643927292,68.6011085939833
2021,Cuyo,Cuyo2,GC1,2313,3405494,76.4541702428297,73.3669632922802,79.6378063029891
2022,Cuyo,Cuyo2,GC1,2497,3444538,80.0662212213682,76.9544688291966,83.2714595753587
2023,Cuyo,Cuyo2,GC1,1923,3483226,59.5919768528718,56.9571231671411,62.3172407477591
2010,Cuyo,Cuyo2,GC2,680,2965204,32.0497777863079,29.6702297762075,34.5684063157337
2011,Cuyo,Cuyo2,GC2,778,3005160,35.3057075570129,32.8510349124307,37.8942349041012
2012,Cuyo,Cuyo2,GC2,707,3045280,30.7382695267103,28.4981436289609,33.1067240304896
2013,Cuyo,Cuyo2,GC2,655,3085514,27.6820062426953,25.5896841891261,29.8990076562053
2014,Cuyo,Cuyo2,GC2,598,3125804,24.4137507665443,22.4842740388485,26.4637392437829
2015,Cuyo,Cuyo2,GC2,621,3166076,24.789839938608,22.8695889705395,26.8277100446964
2016,Cuyo,Cuyo2,GC2,793,3206326,30.6001561537993,28.4992657639062,32.814488665797
2017,Cuyo,Cuyo2,GC2,788,3246532,29.4340005105152,27.4069440856634,31.5708691500732
2018,Cuyo,Cuyo2,GC2,825,3286626,30.040538743685,28.019733040023,32.168263588895
2019,Cuyo,Cuyo2,GC2,918,3326524,32.2832630710126,30.2233099008295,34.4463840183849
2020,Cuyo,Cuyo2,GC2,911,3366152,31.0438827464144,29.0569480252789,33.1307203208363
2021,Cuyo,Cuyo2,GC2,955,3405494,31.5328721043299,29.561921561566,33.600550250174
2022,Cuyo,Cuyo2,GC2,1010,3444538,32.358033256475,30.3914545032739,34.4183912071661
2023,Cuyo,Cuyo2,GC2,1068,3483226,33.1390644693793,31.1805299888107,35.188358153757
2010,Cuyo,Cuyo2,GC3,731,2965204,33.0550421234739,30.6786168857613,35.565281708263
2011,Cuyo,Cuyo2,GC3,843,3005160,37.5448101236665,35.0322695920761,40.188819556672
2012,Cuyo,Cuyo2,GC3,804,3045280,34.7103943410191,32.3340840646792,37.2141121656468
2013,Cuyo,Cuyo2,GC3,742,3085514,30.9317216003473,28.7323821641158,33.2539544801738
2014,Cuyo,Cuyo2,GC3,713,3125804,28.8794743241799,26.7862141279565,31.0921284543406
2015,Cuyo,Cuyo2,GC3,739,3166076,29.0631147305146,26.995327928213,31.2466855657784
2016,Cuyo,Cuyo2,GC3,781,3206326,29.8127621768418,27.7491767691316,31.9886533459152
2017,Cuyo,Cuyo2,GC3,710,3246532,26.2373975258903,24.335411916354,28.2481033363155
2018,Cuyo,Cuyo2,GC3,647,3286626,23.1924853265828,21.4349282185268,25.0554399784215
2019,Cuyo,Cuyo2,GC3,634,3326524,22.0853773566351,20.3957672737166,23.8773778068757
2020,Cuyo,Cuyo2,GC3,584,3366152,19.6919634798533,18.1245144427041,21.3585191041364
2021,Cuyo,Cuyo2,GC3,604,3405494,19.8544639632944,18.3006366032651,21.504841167066
2022,Cuyo,Cuyo2,GC3,682,3444538,21.7375751513519,20.1353674693788,23.4332873740432
2023,Cuyo,Cuyo2,GC3,623,3483226,19.2834537628291,17.7983031469095,20.8594217898216
2010,Cuyo,Cuyo2,GC4,1809,2965204,85.0752104981918,81.1739728808376,89.1145460630974
2011,Cuyo,Cuyo2,GC4,1825,3005160,82.8828451632604,79.0983408385354,86.8007153475494
2012,Cuyo,Cuyo2,GC4,1864,3045280,81.9505281122659,78.2506166730221,85.7794269470622
2013,Cuyo,Cuyo2,GC4,2048,3085514,87.7391539426903,83.962124203279,91.6416949800525
2014,Cuyo,Cuyo2,GC4,2005,3125804,83.294578129619,79.6732394229342,87.0375617006939
2015,Cuyo,Cuyo2,GC4,2120,3166076,85.6881954383339,82.0678511680003,89.426746864147
2016,Cuyo,Cuyo2,GC4,2345,3206326,91.8522605584552,88.1622032155073,95.6567745275675
2017,Cuyo,Cuyo2,GC4,2178,3246532,82.9045098991612,79.4512650395848,86.4689678689346
2018,Cuyo,Cuyo2,GC4,2085,3286626,76.682448897273,73.4200818300831,80.0522412812272
2019,Cuyo,Cuyo2,GC4,1877,3326524,66.92530976527,63.9270169305291,70.0277604540254
2020,Cuyo,Cuyo2,GC4,1689,3366152,58.0412732041255,55.3030395192349,60.8798884444464
2021,Cuyo,Cuyo2,GC4,1893,3405494,62.8889139880193,60.0854591867739,65.7893378846115
2022,Cuyo,Cuyo2,GC4,1994,3444538,64.1213394604609,61.33627907201,67.0002156293454
2023,Cuyo,Cuyo2,GC4,1713,3483226,53.2321997767239,50.7402619124114,55.8148351732539
2010,NEA,Chaco,GC1,1886,2160034,138.499200724575,132.182716651149,145.034579333617
2011,NEA,Chaco,GC1,1683,2185250,120.679406528826,114.86991220198,126.702259399768
2012,NEA,Chaco,GC1,1804,2210560,126.132105661826,120.270748002747,132.201239485947
2013,NEA,Chaco,GC1,1714,2235906,118.247287375056,112.625076240526,124.074065784141
2014,NEA,Chaco,GC1,1789,2261216,120.564077059009,114.957162073194,126.370596330411
2015,NEA,Chaco,GC1,1954,2286402,126.127923980414,120.512308785134,131.934665545912
2016,NEA,Chaco,GC1,1932,2311446,121.888599265068,116.441880754715,127.521768009274
2017,NEA,Chaco,GC1,1780,2336330,109.909662853292,104.802275592185,115.19933943941
2018,NEA,Chaco,GC1,1824,2360954,108.877533075071,103.881754592243,114.049411880575
2019,NEA,Chaco,GC1,1882,2385232,109.538390150286,104.597665954788,114.65051793919
2020,NEA,Chaco,GC1,1910,2409082,107.171255630573,102.376368432656,112.131240169187
2021,NEA,Chaco,GC1,2208,2432494,121.026280336558,115.993424018777,126.220097495548
2022,NEA,Chaco,GC1,2528,2455472,135.186852289526,129.935050251596,140.595447223027
2023,NEA,Chaco,GC1,2404,2477978,123.890571563488,118.958959849232,128.973229400364
2010,NEA,Chaco,GC2,476,2160034,35.2575658938281,32.0992790261228,38.6378588386246
2011,NEA,Chaco,GC2,469,2185250,33.6320946771465,30.5955230160613,36.88376436354
2012,NEA,Chaco,GC2,480,2210560,32.0747048014715,29.1936444538081,35.1574065402477
2013,NEA,Chaco,GC2,544,2235906,35.6315670119946,32.6294994571144,38.8305471875988
2014,NEA,Chaco,GC2,518,2261216,34.3178055684805,31.3756659331187,37.4578849331588
2015,NEA,Chaco,GC2,661,2286402,39.8732898515918,36.8178545534726,43.1099405909962
2016,NEA,Chaco,GC2,615,2311446,37.6456014057309,34.6727145928834,40.8014990400697
2017,NEA,Chaco,GC2,578,2336330,34.5285111402289,31.7212700685965,37.51419881374
2018,NEA,Chaco,GC2,515,2360954,29.8018603324737,27.2461242459218,32.5300582128116
2019,NEA,Chaco,GC2,568,2385232,32.2163193022017,29.5864791922464,35.0148452687243
2020,NEA,Chaco,GC2,570,2409082,31.2875369980081,28.7388283528056,33.9994304725
2021,NEA,Chaco,GC2,572,2432494,30.1319842708703,27.6811040482565,32.7395016364025
2022,NEA,Chaco,GC2,570,2455472,30.0031086413615,27.569708907392,32.5923103815462
2023,NEA,Chaco,GC2,529,2477978,27.1092825268951,24.8319457643581,29.5381738189284
2010,NEA,Chaco,GC3,423,2160034,30.0889563824941,27.2287704732383,33.1629105155785
2011,NEA,Chaco,GC3,509,2185250,34.8853571983892,31.8547880486413,38.1216759045148
2012,NEA,Chaco,GC3,535,2210560,35.8535052030316,32.8210209747044,39.0866228527111
2013,NEA,Chaco,GC3,526,2235906,35.1778577626991,32.1883858115539,38.3668631193909
2014,NEA,Chaco,GC3,475,2261216,30.9358019760113,28.1724110892582,33.8936525670288
2015,NEA,Chaco,GC3,585,2286402,37.0389971655729,34.052798384441,40.2138402009214
2016,NEA,Chaco,GC3,604,2311446,37.2917817021524,34.3412892537049,40.4256082790805
2017,NEA,Chaco,GC3,551,2336330,32.7172788134393,30.0073270464235,35.603810009467
2018,NEA,Chaco,GC3,601,2360954,34.9282811046579,32.1592290007262,37.8698365905682
2019,NEA,Chaco,GC3,586,2385232,32.9356183506165,30.2896349464754,35.7486063524551
2020,NEA,Chaco,GC3,577,2409082,31.3376126263346,28.8081383758861,34.0280208726805
2021,NEA,Chaco,GC3,585,2432494,31.2533535176178,28.7507022203578,33.9141023904707
2022,NEA,Chaco,GC3,565,2455472,29.0654286711732,26.6997324025253,31.5832841458178
2023,NEA,Chaco,GC3,572,2477978,28.8078860312473,26.4820643562249,31.2823522865931
2010,NEA,Chaco,GC4,1195,2160034,87.7420543851299,82.7255933382193,92.9779772814698
2011,NEA,Chaco,GC4,1147,2185250,82.0908721504207,77.3046405063088,87.0909356433709
2012,NEA,Chaco,GC4,1160,2210560,81.1904447249564,76.4973649224218,86.0919879325175
2013,NEA,Chaco,GC4,1215,2235906,82.9817270724835,78.3007709911648,87.8657346711199
2014,NEA,Chaco,GC4,1218,2261216,81.1974218351953,76.6291028898155,85.9636563261722
2015,NEA,Chaco,GC4,1319,2286402,85.9058170776144,81.268593941949,90.7359177062482
2016,NEA,Chaco,GC4,1469,2311446,94.0820783000821,89.2784440452322,99.0748107946257
2017,NEA,Chaco,GC4,1391,2336330,87.0140032576312,82.457761173448,91.7546748118802
2018,NEA,Chaco,GC4,1559,2360954,94.4855895870837,89.8103506338354,99.33936843385
2019,NEA,Chaco,GC4,1552,2385232,91.1578640481821,86.6426609126671,95.8458921170829
2020,NEA,Chaco,GC4,1450,2409082,81.7148458794697,77.5292525852049,86.066307151034
2021,NEA,Chaco,GC4,1598,2432494,87.4698126287919,83.2046652455857,91.8957980357847
2022,NEA,Chaco,GC4,1788,2455472,95.6658860573263,91.2564113812034,100.232381294445
2023,NEA,Chaco,GC4,1732,2477978,90.0218548054756,85.810931013197,94.3851813337854
2010,NEA,Corrientes,GC1,1604,2035462,111.949475026949,106.48305673147,117.621637223055
2011,NEA,Corrientes,GC1,1645,2056496,110.953584018058,105.599641695115,116.506458417341
2012,NEA,Corrientes,GC1,1703,2077572,112.221513016672,106.908118936252,117.728873730487
2013,NEA,Corrientes,GC1,1733,2098650,111.276981607881,106.05921531396,116.68353494434
2014,NEA,Corrientes,GC1,1682,2119672,104.395248666185,99.4265783685493,109.546452868942
2015,NEA,Corrientes,GC1,1701,2140566,103.699378602908,98.801290329018,108.776379868771
2016,NEA,Corrientes,GC1,1968,2161310,116.034999795939,110.93616683524,121.306740686783
2017,NEA,Corrientes,GC1,1857,2181876,106.608869190873,101.791897970607,111.594093336491
2018,NEA,Corrientes,GC1,1580,2202168,88.5807769241171,84.2499895437731,93.0758244918366
2019,NEA,Corrientes,GC1,1596,2222104,86.3422049836528,82.1422881474881,90.7006012626238
2020,NEA,Corrientes,GC1,1738,2241602,91.9425673828773,87.6608448004117,96.3789820495869
2021,NEA,Corrientes,GC1,2054,2260640,105.664835564234,101.136577365376,110.343344560623
2022,NEA,Corrientes,GC1,2352,2279208,117.393664096103,112.690791502772,122.242187461164
2023,NEA,Corrientes,GC1,1963,2297262,95.1277629942082,90.9616830041754,99.4353032294302
2010,NEA,Corrientes,GC2,591,2035462,40.608151931574,37.3572057694741,44.0633862713564
2011,NEA,Corrientes,GC2,577,2056496,38.5981869579198,35.4769099774306,41.9180504931776
2012,NEA,Corrientes,GC2,613,2077572,39.4571537388593,36.361270982558,42.7439399708853
2013,NEA,Corrientes,GC2,660,2098650,41.5767180528292,38.4310970988315,44.9090491191831
2014,NEA,Corrientes,GC2,583,2119672,35.6042270287348,32.744102267609,38.6453519513156
2015,NEA,Corrientes,GC2,629,2140566,37.3887858240988,34.4980229677919,40.4554467095252
2016,NEA,Corrientes,GC2,631,2161310,36.7773685235376,33.9427195202033,39.7842185483233
2017,NEA,Corrientes,GC2,567,2181876,32.2108145760527,29.5979337049513,34.9914463493609
2018,NEA,Corrientes,GC2,471,2202168,26.1079683038796,23.7914691277845,28.588196519561
2019,NEA,Corrientes,GC2,418,2222104,22.3611625393862,20.2589861227207,24.6214289545628
2020,NEA,Corrientes,GC2,433,2241602,22.7648169552129,20.664545028634,25.0201659192117
2021,NEA,Corrientes,GC2,503,2260640,25.5907020373576,23.3971315474997,27.9341153550135
2022,NEA,Corrientes,GC2,532,2279208,26.6020823799623,24.3865186554299,28.9646584487592
2023,NEA,Corrientes,GC2,511,2297262,24.661736854166,22.5667621187307,26.8986535265015
2010,NEA,Corrientes,GC3,468,2035462,31.341851456092,28.5256735542451,34.3577367779098
2011,NEA,Corrientes,GC3,440,2056496,29.1151529207597,26.4315045500914,31.9953078873837
2012,NEA,Corrientes,GC3,529,2077572,33.9980994451554,31.1365957373276,37.0500334201381
2013,NEA,Corrientes,GC3,481,2098650,29.836488537548,27.2017000806499,32.6554831305192
2014,NEA,Corrientes,GC3,503,2119672,30.8820890683967,28.2238488791122,33.7219136785013
2015,NEA,Corrientes,GC3,507,2140566,30.2535948382977,27.6560432040127,33.0278581334162
2016,NEA,Corrientes,GC3,597,2161310,34.8087984677189,32.05531957333,37.734403698632
2017,NEA,Corrientes,GC3,532,2181876,30.1461691276809,27.6245392168544,32.8351202130027
2018,NEA,Corrientes,GC3,549,2202168,30.3794855603499,27.8813237315547,33.0407333609511
2019,NEA,Corrientes,GC3,541,2222104,28.9831936628938,26.583430147668,31.5408146059789
2020,NEA,Corrientes,GC3,512,2241602,26.6388102556334,24.3748055923353,29.0560538754615
2021,NEA,Corrientes,GC3,566,2260640,28.88436465662,26.5496273347445,31.3691326043558
2022,NEA,Corrientes,GC3,592,2279208,29.3625645672152,27.041190105001,31.829685839444
2023,NEA,Corrientes,GC3,601,2297262,29.0771675938136,26.7964263605191,31.4999919520888
2010,NEA,Corrientes,GC4,943,2035462,66.3716367979559,62.1671572942419,70.7838019181601
2011,NEA,Corrientes,GC4,873,2056496,59.2978338069814,55.3952918162996,63.4009384005404
2012,NEA,Corrientes,GC4,1002,2077572,66.6005731101308,62.5088520840327,70.8882115255954
2013,NEA,Corrientes,GC4,1062,2098650,68.9662395263268,64.853408149283,73.2702122712752
2014,NEA,Corrientes,GC4,1036,2119672,65.006697896753,61.0827032244773,69.1153904204744
2015,NEA,Corrientes,GC4,953,2140566,58.3226185028849,54.6591248405909,62.166097680655
2016,NEA,Corrientes,GC4,1228,2161310,72.9673045442912,68.9229149338783,77.1861795241509
2017,NEA,Corrientes,GC4,1229,2181876,71.223799551805,67.2821839433479,75.3353957683222
2018,NEA,Corrientes,GC4,1268,2202168,71.4216828138591,67.5316824697899,75.4767776345413
2019,NEA,Corrientes,GC4,1443,2222104,78.9395653246609,74.9081174496822,83.1311680923593
2020,NEA,Corrientes,GC4,1128,2241602,59.7083478570071,56.2666958611009,63.3050819280782
2021,NEA,Corrientes,GC4,1265,2260640,65.0754266860834,61.5327814793005,68.7686066758912
2022,NEA,Corrientes,GC4,1389,2279208,69.1923602628254,65.595862122828,72.9345460490399
2023,NEA,Corrientes,GC4,1114,2297262,54.0868492495235,50.95477086944,57.3609661428861
2010,NEA,Formosa,GC1,445,1103252,65.0045727245952,58.9666980149752,71.4819742178083
2011,NEA,Formosa,GC1,416,1114446,57.5470060429932,52.0018353537444,63.510232173151
2012,NEA,Formosa,GC1,409,1125588,55.2291300478397,49.8839539676034,60.9808583154437
2013,NEA,Formosa,GC1,361,1136662,46.8636776855333,42.0506591730535,52.0673805751663
2014,NEA,Formosa,GC1,406,1147646,50.7130271151886,45.7997221704606,56.0014710911878
2015,NEA,Formosa,GC1,483,1158500,57.9696796021702,52.8262229519108,63.4719577199556
2016,NEA,Formosa,GC1,636,1169228,74.6437381212321,68.8751004388167,80.7613871069149
2017,NEA,Formosa,GC1,596,1179832,68.8071739027255,63.3411390597681,74.6151994774144
2018,NEA,Formosa,GC1,621,1190258,69.0967329252978,63.7204518945918,74.8023217137394
2019,NEA,Formosa,GC1,566,1200458,60.2054206080744,55.3072098635472,65.418391225891
2020,NEA,Formosa,GC1,472,1210386,48.7305523299156,44.4005265893442,53.3662854587795
2021,NEA,Formosa,GC1,739,1220038,74.5084559193584,69.2064778360199,80.1073139346527
2022,NEA,Formosa,GC1,476,1229412,46.7094700663429,42.5924711713785,51.1158659706181
2023,NEA,Formosa,GC1,336,1238480,31.8447841684522,28.5200765178797,35.4496725491242
2010,NEA,Formosa,GC2,185,1103252,27.8008863598181,23.8855392779649,32.1679639947014
2011,NEA,Formosa,GC2,176,1114446,24.2925363251057,20.7707112028265,28.2315930339365
2012,NEA,Formosa,GC2,149,1125588,20.9105380110123,17.6492945785543,24.5939852320847
2013,NEA,Formosa,GC2,171,1136662,22.9510076509621,19.600544153208,26.7045294969683
2014,NEA,Formosa,GC2,197,681990,36.3463968671086,31.397266005078,41.8478206483841
2015,NEA,Formosa,GC2,250,1158500,29.4625079341463,25.8665554796454,33.4123193974149
2016,NEA,Formosa,GC2,244,1169228,28.8993385237294,25.3492428596415,32.8032768493495
2017,NEA,Formosa,GC2,250,1179832,28.2577022072215,24.825036298375,32.0281589437568
2018,NEA,Formosa,GC2,279,1190258,30.7593139054822,27.2201869140921,34.6271887089578
2019,NEA,Formosa,GC2,242,1200458,25.7643126127642,22.5915665977892,29.2546640353793
2020,NEA,Formosa,GC2,200,1210386,20.812507624252,18.0101484951352,23.9251003129262
2021,NEA,Formosa,GC2,310,1220038,30.7895587725004,27.4397253127922,34.4338372399865
2022,NEA,Formosa,GC2,232,1229412,22.9007988138081,20.0414729726482,26.0527920761655
2023,NEA,Formosa,GC2,204,1238480,19.3259970736922,16.75905357463,22.1741498774424
2010,NEA,Formosa,GC3,181,1103252,25.0802574818288,21.4672599245552,29.1149664105108
2011,NEA,Formosa,GC3,181,1114446,23.9103821950598,20.4709687223309,27.751246194514
2012,NEA,Formosa,GC3,208,1125588,27.5219064296332,23.849397542717,31.5926283262828
2013,NEA,Formosa,GC3,190,1136662,24.614296442754,21.1835916267359,28.4352575134187
2014,NEA,Formosa,GC3,266,1147646,33.4910104524574,29.5394336800118,37.8189610999722
2015,NEA,Formosa,GC3,283,1158500,34.8687997771927,30.8801394006941,39.225207578415
2016,NEA,Formosa,GC3,312,1169228,36.1721970488329,32.2195658060342,40.4710905422646
2017,NEA,Formosa,GC3,284,1179832,32.3389752467454,28.6534991109432,36.3636175181548
2018,NEA,Formosa,GC3,253,1190258,27.6850457511802,24.3485211887664,31.3478460411005
2019,NEA,Formosa,GC3,219,1200458,23.2800988739515,20.2782004305957,26.5987509528143
2020,NEA,Formosa,GC3,208,1210386,21.3121157402346,18.4970393051248,24.4324331139975
2021,NEA,Formosa,GC3,231,1220038,22.8854153290031,20.0157396037566,26.0494876399764
2022,NEA,Formosa,GC3,226,1229412,22.0992102033224,19.3030704072749,25.1855328524901
2023,NEA,Formosa,GC3,201,1238480,18.9241449804417,16.3925269944423,21.7352853174417
2010,NEA,Formosa,GC4,673,1103252,97.6176430303447,90.2135216019566,105.456839060479
2011,NEA,Formosa,GC4,648,1114446,90.2008256468963,83.2459112036455,97.5724814199739
2012,NEA,Formosa,GC4,661,1125588,89.9696184060629,83.1259916806653,97.2191351981876
2013,NEA,Formosa,GC4,801,1136662,106.096012602134,98.7756082249269,113.809661370046
2014,NEA,Formosa,GC4,758,1147646,97.7947972267955,90.869192293854,105.103157855202
2015,NEA,Formosa,GC4,857,1158500,105.259113046645,98.242309008481,112.639975685823
2016,NEA,Formosa,GC4,950,1169228,111.736672734479,104.663526119263,119.157882267887
2017,NEA,Formosa,GC4,809,1179832,92.8101560457609,86.4636749537208,99.4958244389236
2018,NEA,Formosa,GC4,801,1190258,88.7450619138359,82.6472024593718,95.1704919371121
2019,NEA,Formosa,GC4,817,1200458,88.1681315189317,82.1825231610489,94.472024885047
2020,NEA,Formosa,GC4,741,1210386,77.6998542412752,72.178171374932,83.5302890167737
2021,NEA,Formosa,GC4,814,1220038,82.1325210507234,76.5615542894383,88.0002854219874
2022,NEA,Formosa,GC4,1286,1229412,126.56198612444,119.717062064207,133.695326593858
2023,NEA,Formosa,GC4,958,1238480,91.2336441633307,85.5349665054314,97.211543754224
2010,NEA,Misiones,GC1,1088,2226558,82.9936475907279,77.9589245005174,88.2594733045851
2011,NEA,Misiones,GC1,681,2257596,49.0403112248579,45.2843149611983,53.0156727065796
2012,NEA,Misiones,GC1,771,2288378,53.038299229797,49.229306341695,57.0559674525576
2013,NEA,Misiones,GC1,532,2318890,34.8106482131211,31.809939843535,38.0104667084879
2014,NEA,Misiones,GC1,334,2349084,21.0663493969732,18.7786596416363,23.5474305103033
2015,NEA,Misiones,GC1,337,2378892,19.5900052115192,17.4739875892701,21.8840677591192
2016,NEA,Misiones,GC1,360,2408364,20.9455052725624,18.7668578842427,23.3012549219419
2017,NEA,Misiones,GC1,457,2437542,26.5239457684269,24.0841026251225,29.1389589098466
2018,NEA,Misiones,GC1,292,2466354,16.083528713898,14.2414555642444,18.0926718896147
2019,NEA,Misiones,GC1,331,2494724,17.8511938123992,15.9341983274589,19.9310098996786
2020,NEA,Misiones,GC1,300,2522588,15.6957599403023,13.9352516172585,17.6136946431836
2021,NEA,Misiones,GC1,302,2549984,15.2874262646191,13.580130072876,17.1468600217277
2022,NEA,Misiones,GC1,434,2576952,21.7608715027874,19.7322612099849,23.939088049736
2023,NEA,Misiones,GC1,336,2603446,16.0638402898517,14.3674248461958,17.9032165491673
2010,NEA,Misiones,GC2,709,2226558,56.7442505422742,52.5380342112836,61.1910749392601
2011,NEA,Misiones,GC2,746,2257596,57.5912033143696,53.4306195121111,61.9836268556431
2012,NEA,Misiones,GC2,658,2288378,47.8097193009301,44.1297831037665,51.7084225896589
2013,NEA,Misiones,GC2,390,2318890,27.2487740811484,24.5437311878096,30.1647215732903
2014,NEA,Misiones,GC2,222,2349084,14.689367612963,12.7745523892422,16.8047836711346
2015,NEA,Misiones,GC2,228,2378892,14.7340206508018,12.8442314862139,16.8190222698576
2016,NEA,Misiones,GC2,227,2408364,14.4081024307679,12.5606296831773,16.4468594560782
2017,NEA,Misiones,GC2,287,2437542,17.8616443802347,15.8255924362784,20.0840396736119
2018,NEA,Misiones,GC2,242,2466354,14.4077961770389,12.6263880745108,16.3675308282116
2019,NEA,Misiones,GC2,326,1543766,27.2866578351928,24.3778868190969,30.4444603152425
2020,NEA,Misiones,GC2,309,2522588,17.8527746487335,15.9029102001562,19.974319248598
2021,NEA,Misiones,GC2,349,2549984,19.4549246964741,17.4536207359111,21.6215715212378
2022,NEA,Misiones,GC2,442,1635984,34.1743868152448,31.0475180111015,37.5296774170458
2023,NEA,Misiones,GC2,325,2603446,16.8277870948484,15.0385560121385,18.7704476900967
2010,NEA,Misiones,GC3,348,2226558,25.5660971812414,22.8558989145275,28.500541201155
2011,NEA,Misiones,GC3,308,2257596,22.2450182905065,19.7417912561953,24.9690219191601
2012,NEA,Misiones,GC3,312,2288378,22.2072248122929,19.7411422081919,24.8893435857935
2013,NEA,Misiones,GC3,273,2318890,18.0132927872174,15.8701001246805,20.3578507130838
2014,NEA,Misiones,GC3,292,2349084,18.4075594665593,16.2900012224253,20.7171733362281
2015,NEA,Misiones,GC3,291,2378892,18.4501137259601,16.343628162333,20.7479945978193
2016,NEA,Misiones,GC3,337,2408364,20.1544431628102,18.005944532848,22.4837197192726
2017,NEA,Misiones,GC3,310,2437542,18.2432956238724,16.2305989967784,20.4329050680206
2018,NEA,Misiones,GC3,252,2466354,13.7821437018567,12.0965397594822,15.6329251505114
2019,NEA,Misiones,GC3,249,2494724,13.3882495674111,11.7415538694271,15.1973302054962
2020,NEA,Misiones,GC3,226,2522588,12.2950540831778,10.7237737254926,14.0294016157909
2021,NEA,Misiones,GC3,228,2549984,11.6908332940693,10.2006899877223,13.3349062227214
2022,NEA,Misiones,GC3,360,2576952,18.2230588070943,16.3663145585787,20.2307378082389
2023,NEA,Misiones,GC3,330,2603446,16.3989374297611,14.660644707405,18.2851063155999
2010,NEA,Misiones,GC4,1088,2226558,87.7686223137756,82.5180978335781,93.2601550800603
2011,NEA,Misiones,GC4,1058,2257596,81.8090439894075,76.8393089225876,87.0101917806485
2012,NEA,Misiones,GC4,1254,2288378,93.7280553316765,88.5131630205783,99.1655322661192
2013,NEA,Misiones,GC4,1402,2318890,102.619647689859,97.2218878321374,108.235022566111
2014,NEA,Misiones,GC4,1967,2349084,140.534185191914,134.30538547315,146.974266139267
2015,NEA,Misiones,GC4,2188,2378892,151.730887448441,145.361156710819,158.305280277405
2016,NEA,Misiones,GC4,2516,2408364,166.608370931672,160.080250479845,173.331860706651
2017,NEA,Misiones,GC4,1953,2437542,125.103678740641,119.551712516521,130.844654328166
2018,NEA,Misiones,GC4,2111,2466354,130.920677371742,125.340727028965,136.683212509758
2019,NEA,Misiones,GC4,2048,2494724,121.420226241442,116.166178857213,126.848866454477
2020,NEA,Misiones,GC4,1932,2522588,110.994940253382,106.06124977473,116.09751916307
2021,NEA,Misiones,GC4,2086,2549984,113.994699667756,109.116300150739,119.033699051207
2022,NEA,Misiones,GC4,2230,2576952,118.609530063294,113.703585927069,123.671586711637
2023,NEA,Misiones,GC4,1945,2603446,99.6926675044433,95.284267803902,104.251459449419
2010,NOA,Tucumán,GC1,2344,2978450,109.486629176725,105.066391684835,114.044001452377
2011,NOA,Tucumán,GC1,2192,3019864,99.3442168074303,95.1973617983515,103.624188221074
2012,NOA,Tucumán,GC1,2125,3061378,93.5381896269044,89.5737060413885,97.6319616912343
2013,NOA,Tucumán,GC1,2142,3102920,91.5977306101728,87.7316998224188,95.5893289273086
2014,NOA,Tucumán,GC1,2285,3144410,95.2425602149711,91.3512516657606,99.256169277814
2015,NOA,Tucumán,GC1,2441,3185756,99.3536479251835,95.4278184087689,103.398788286052
2016,NOA,Tucumán,GC1,2175,3226952,86.0660249916837,82.4671783120193,89.7808552635497
2017,NOA,Tucumán,GC1,2267,3267984,87.3449566515118,83.7692326552995,91.0335155946318
2018,NOA,Tucumán,GC1,2491,3308776,93.3481745775972,89.7034088205351,97.1025735176197
2019,NOA,Tucumán,GC1,2527,3349244,92.2581402538163,88.6837409723126,95.9392749201122
2020,NOA,Tucumán,GC1,2484,3389312,87.8675726485138,84.4365940385914,91.4019015203198
2021,NOA,Tucumán,GC1,2995,3428974,102.906314708355,99.2455529211104,106.667353407717
2022,NOA,Tucumán,GC1,3278,3468236,109.697941064704,105.968412509647,113.525055872415
2023,NOA,Tucumán,GC1,3550,3507046,115.316420987494,111.54941774862,119.178086457451
2010,NOA,Tucumán,GC2,546,2978450,24.9682464809865,22.8968758473336,27.1752252630125
2011,NOA,Tucumán,GC2,865,3019864,37.00805871899,34.5473954098161,39.5957822690331
2012,NOA,Tucumán,GC2,982,3061378,40.4579408900514,37.9285284553575,43.1097246234528
2013,NOA,Tucumán,GC2,926,3102920,37.0336026053147,34.6530459269245,39.5328535743988
2014,NOA,Tucumán,GC2,795,3144410,31.3108290534428,29.1447245465696,33.59374552749
2015,NOA,Tucumán,GC2,943,3185756,37.0141569862736,34.666699283116,39.4775703504909
2016,NOA,Tucumán,GC2,957,3226952,37.2586910137631,34.9196542634622,39.7123965787273
2017,NOA,Tucumán,GC2,961,3267984,36.2588493823245,33.9872211007277,38.6416036574571
2018,NOA,Tucumán,GC2,957,3308776,34.9745109528801,32.7793353308686,37.2773027491656
2019,NOA,Tucumán,GC2,1131,3349244,39.9830425425869,37.6728881422131,42.3971517871665
2020,NOA,Tucumán,GC2,1267,3389312,43.7079347337006,41.321873890506,46.1953026364106
2021,NOA,Tucumán,GC2,1331,3428974,44.8053178761147,42.4207444062231,47.2886154124702
2022,NOA,Tucumán,GC2,1195,3468236,39.6119323714526,37.391838323972,41.9291518507886
2023,NOA,Tucumán,GC2,826,3507046,26.8810653823964,25.076619116239,28.780923921471
2010,NOA,Tucumán,GC3,671,2978450,30.5360838619513,28.243433451971,32.9636600482793
2011,NOA,Tucumán,GC3,669,3019864,29.5957808339525,27.37033160688,31.9524028311589
2012,NOA,Tucumán,GC3,639,3061378,27.667127511867,25.5442079744978,29.9181751581531
2013,NOA,Tucumán,GC3,510,3102920,21.2605924722625,19.4364018727956,23.2085039790658
2014,NOA,Tucumán,GC3,573,3144410,23.1193993581877,21.2426926140798,25.1159391671526
2015,NOA,Tucumán,GC3,561,3185756,21.9308213221667,20.1362415415039,23.8412517905084
2016,NOA,Tucumán,GC3,745,3226952,29.0940300997224,27.0277799584345,31.27549725046
2017,NOA,Tucumán,GC3,702,3267984,26.6462583865927,24.6992752101997,28.7051859729421
2018,NOA,Tucumán,GC3,827,3308776,30.7692858480205,28.6980465188063,32.9499763167779
2019,NOA,Tucumán,GC3,942,3349244,34.3158423558214,32.1508372581309,36.5878489123706
2020,NOA,Tucumán,GC3,690,3389312,24.3691924698547,22.5791130710124,26.2631140668914
2021,NOA,Tucumán,GC3,972,3428974,33.4239842043845,31.3510733714979,35.5977092809342
2022,NOA,Tucumán,GC3,965,3468236,32.3209849753084,30.3106825026903,34.42942016452
2023,NOA,Tucumán,GC3,869,3507046,28.2123774313773,26.3653359230481,30.1545679301526
2010,NOA,Tucumán,GC4,1626,2978450,76.0946524326239,72.4151279493544,79.911706768264
2011,NOA,Tucumán,GC4,1603,3019864,72.989740017413,69.4361585196674,76.6771130387281
2012,NOA,Tucumán,GC4,1903,3061378,84.7437277332019,80.9562903125206,88.6618181884366
2013,NOA,Tucumán,GC4,2006,3102920,86.4154925858836,82.6508266466671,90.3065858086295
2014,NOA,Tucumán,GC4,1993,3144410,83.6344023441002,79.9801428868337,87.4117883196471
2015,NOA,Tucumán,GC4,2235,3185756,91.4356675856133,87.6632062095444,95.3280361157351
2016,NOA,Tucumán,GC4,2696,3226952,106.539911111724,102.534365686586,110.661196365453
2017,NOA,Tucumán,GC4,2384,3267984,92.6869403788663,88.9889878293904,96.4986364625962
2018,NOA,Tucumán,GC4,1971,3308776,74.4902072381045,71.2267431599757,77.8642537263826
2019,NOA,Tucumán,GC4,2001,3349244,73.6722134835358,70.4710943657245,76.9809712168948
2020,NOA,Tucumán,GC4,2195,3389312,78.5334489700765,75.2755744285104,81.895830387973
2021,NOA,Tucumán,GC4,2068,3428974,71.3815194112752,68.3324858530342,74.53137279984
2022,NOA,Tucumán,GC4,2340,3468236,78.8818029777149,75.7139906255213,82.1479798923636
2023,NOA,Tucumán,GC4,2129,3507046,69.5529069427876,66.626854461738,72.5742916307081
2010,NOA,NOA1,GC1,1730,3845248,71.1974038261877,67.8199840685535,74.6971319850406
2011,NOA,NOA1,GC1,1891,3900980,74.0570513244064,70.6916042668466,77.5389690172061
2012,NOA,NOA1,GC1,2344,3956628,90.2179866400471,86.5428762906313,94.0071147235763
2013,NOA,NOA1,GC1,2580,4012130,97.1551857611122,93.3947205995651,101.026764249555
2014,NOA,NOA1,GC1,2435,4067394,88.3586709008044,84.8431373607632,91.9811796293483
2015,NOA,NOA1,GC1,2122,4122290,73.811822493801,70.6685827786564,77.0576422746087
2016,NOA,NOA1,GC1,1473,4176840,49.6524802628746,47.1232587882594,52.2811280268496
2017,NOA,NOA1,GC1,2291,4231070,75.734082058186,72.6426798044458,78.9225149466924
2018,NOA,NOA1,GC1,2862,4284846,91.3138671372225,87.9769264607686,94.7443466225958
2019,NOA,NOA1,GC1,2786,4338048,86.2965684020073,83.1029891063926,89.5808996497878
2020,NOA,NOA1,GC1,3256,4390556,98.1422907411357,94.7856569978432,101.587054129755
2021,NOA,NOA1,GC1,3499,4442400,101.467438020987,98.1203351334016,104.899270600688
2022,NOA,NOA1,GC1,3554,4493628,100.122405299964,96.8473258127086,103.47973834103
2023,NOA,NOA1,GC1,3390,4544156,92.2671809377448,89.1798634524534,95.4339159730119
2010,NOA,NOA1,GC2,1193,3845248,49.813296751158,46.9755362205129,52.7753111039719
2011,NOA,NOA1,GC2,1134,3900980,45.4846181977036,42.831637812969,48.2568183918569
2012,NOA,NOA1,GC2,920,3956628,35.5619327094386,33.2670071789938,37.971665636809
2013,NOA,NOA1,GC2,909,4012130,33.4221622816071,31.248988161566,35.7047267830553
2014,NOA,NOA1,GC2,866,4067394,31.4686029409417,29.3831540829423,33.6616733098667
2015,NOA,NOA1,GC2,715,4122290,24.5497801690966,22.7599310605465,26.4415701600803
2016,NOA,NOA1,GC2,480,4176840,15.8586369959055,14.4535056356075,17.3621115382256
2017,NOA,NOA1,GC2,523,4231070,16.9325692566987,15.497126029992,18.464105995727
2018,NOA,NOA1,GC2,826,4284846,26.5078464490829,24.7193654612957,28.3908955264355
2019,NOA,NOA1,GC2,730,4338048,22.7352797010511,21.1078350758092,24.4544289209254
2020,NOA,NOA1,GC2,864,4390556,25.810857637375,24.1084310716252,27.6012439783115
2021,NOA,NOA1,GC2,763,4442400,22.1921081263489,20.6392479649361,23.8304997372859
2022,NOA,NOA1,GC2,910,4493628,25.8770267476095,24.2192862425095,27.6181652967706
2023,NOA,NOA1,GC2,743,4544156,20.3075195053236,18.8701070995015,21.8251951190656
2010,NOA,NOA1,GC3,861,3845248,34.366073586181,32.0682767523366,36.7828038375618
2011,NOA,NOA1,GC3,832,3900980,32.2344593282292,30.0449935412253,34.539265580088
2012,NOA,NOA1,GC3,821,3956628,30.8959673626121,28.7858581054132,33.1180002141523
2013,NOA,NOA1,GC3,782,4012130,29.104495612608,27.0773944042143,31.2418443704903
2014,NOA,NOA1,GC3,884,4067394,31.2431426979912,29.1924414504595,33.3985591994668
2015,NOA,NOA1,GC3,880,4122290,30.1656651018241,28.1822484357497,32.2505975840847
2016,NOA,NOA1,GC3,795,4176840,26.3378428625848,24.5210357776361,28.2526252801617
2017,NOA,NOA1,GC3,810,4231070,25.9361210965644,24.165341457183,27.8014798130977
2018,NOA,NOA1,GC3,916,4284846,28.3433462172737,26.5216573565637,30.2563722277357
2019,NOA,NOA1,GC3,809,4338048,24.6446049217782,22.9645263010219,26.4144752436022
2020,NOA,NOA1,GC3,768,4390556,22.8102326363106,21.2175097795307,24.4903880092875
2021,NOA,NOA1,GC3,846,4442400,24.1444974143133,22.5371704117208,25.8357744489819
2022,NOA,NOA1,GC3,850,4493628,23.7890330922583,22.2114794949646,25.4487820678475
2023,NOA,NOA1,GC3,821,4544156,22.2096593872506,20.7122338390571,23.7865107988398
2010,NOA,NOA1,GC4,1920,3845248,79.3048683929688,75.7311818748238,83.0012770261949
2011,NOA,NOA1,GC4,1791,3900980,70.888101571619,67.5813073923114,74.3125494811652
2012,NOA,NOA1,GC4,1859,3956628,70.8502831464623,67.6113612092774,74.2022759804976
2013,NOA,NOA1,GC4,1859,4012130,68.1489644259625,65.032951640591,71.3737573446845
2014,NOA,NOA1,GC4,1802,4067394,64.6722621365665,61.6796127142068,67.771056402276
2015,NOA,NOA1,GC4,2065,4122290,72.9848116576258,69.8382357163362,76.2355097026781
2016,NOA,NOA1,GC4,2876,4176840,97.8326910421271,94.2554303358598,101.509978924423
2017,NOA,NOA1,GC4,2428,4231070,80.1527148691677,76.9696279156038,83.4328027558994
2018,NOA,NOA1,GC4,1826,4284846,58.3793431621361,55.7140703348276,61.1385139339219
2019,NOA,NOA1,GC4,1883,4338048,59.0493664464068,56.400736431105,61.7898578626018
2020,NOA,NOA1,GC4,1998,4390556,60.3015769981347,57.6773448726239,63.014117180381
2021,NOA,NOA1,GC4,2362,4442400,68.8820533017992,66.1241462112272,71.7251903499665
2022,NOA,NOA1,GC4,2551,4493628,72.254450217544,69.4703337548288,75.1213049738328
2023,NOA,NOA1,GC4,2129,4544156,58.3616857243899,55.9039427887353,60.8995031151317
2010,NOA,NOA2,GC1,2222,2513844,125.190319533754,119.985597536585,130.560964570838
2011,NOA,NOA2,GC1,2074,2540714,114.221610070515,109.316310011301,119.288870524181
2012,NOA,NOA2,GC1,2196,2567784,118.884022955251,113.926799279723,124.000228785924
2013,NOA,NOA2,GC1,2392,2595048,127.118352058557,122.045003216952,132.347484011175
2014,NOA,NOA2,GC1,2122,2622470,108.79168644026,104.180740083301,113.553111673452
2015,NOA,NOA2,GC1,2688,2649984,134.6369604253,129.564852497188,139.855847792991
2016,NOA,NOA2,GC1,2581,2677574,126.157656806468,121.312471518615,131.145978285463
2017,NOA,NOA2,GC1,2402,2705210,114.445519367304,109.893349395546,119.137172874146
2018,NOA,NOA2,GC1,2659,2732806,123.504876888348,118.836487721589,128.309108913689
2019,NOA,NOA2,GC1,2623,2760266,118.856576408672,114.338108393509,123.507438478269
2020,NOA,NOA2,GC1,2451,2787502,108.096877186098,103.84988815058,112.472669541414
2021,NOA,NOA2,GC1,2672,2814472,114.528656980198,110.218529669358,118.963891947244
2022,NOA,NOA2,GC1,3118,2841138,129.65796822367,125.138654942207,134.298573453791
2023,NOA,NOA2,GC1,3027,2867430,122.813525547831,118.472800268614,127.272513943424
2010,NOA,NOA2,GC2,761,2513844,42.7419781076485,39.7297813564515,45.9203108889956
2011,NOA,NOA2,GC2,749,2540714,41.6750464051729,38.7220777771581,44.7922231386592
2012,NOA,NOA2,GC2,772,2567784,41.366775252319,38.4745212212238,44.4173754500245
2013,NOA,NOA2,GC2,803,2595048,42.1526450104732,39.2668379932562,45.1932757233129
2014,NOA,NOA2,GC2,754,2622470,38.4795606712423,35.7643430760533,41.3452490082694
2015,NOA,NOA2,GC2,789,2649984,39.8218304108403,37.0772809928698,42.7149639390993
2016,NOA,NOA2,GC2,750,2677574,36.9333278821802,34.3254750106752,39.6860980995787
2017,NOA,NOA2,GC2,652,2705210,31.4472177335447,29.0716145596013,33.9647165413023
2018,NOA,NOA2,GC2,599,2732806,28.0414357211035,25.8346799466325,30.3859026216785
2019,NOA,NOA2,GC2,518,2760266,23.4593115321646,21.4757354720224,25.5763375834983
2020,NOA,NOA2,GC2,574,2787502,25.237588940426,23.2100628882638,27.3944615808694
2021,NOA,NOA2,GC2,582,2814472,24.8973313865659,22.9118228966032,27.0086024157887
2022,NOA,NOA2,GC2,566,2841138,23.5101390958131,21.6098273706231,25.5325651825584
2023,NOA,NOA2,GC2,470,2867430,18.9248184181277,17.2499601843246,20.7181854952758
2010,NOA,NOA2,GC3,483,2513844,27.4562768381831,25.0456364918452,30.0350899845594
2011,NOA,NOA2,GC3,441,2540714,24.2344423093636,22.0036340641604,26.6284059172591
2012,NOA,NOA2,GC3,493,2567784,26.6071822122191,24.2931678561094,29.0809215006651
2013,NOA,NOA2,GC3,541,2595048,28.4884496712652,26.1229805042995,31.0095203698022
2014,NOA,NOA2,GC3,557,2622470,28.4006340724971,26.0725689573146,30.8795470589597
2015,NOA,NOA2,GC3,583,2649984,28.8490450459088,26.5371214406949,31.3072764456299
2016,NOA,NOA2,GC3,776,2677574,37.7173694437684,35.0943925988364,40.4835683832079
2017,NOA,NOA2,GC3,686,2705210,32.4339216616385,30.0388741990529,34.9683226600624
2018,NOA,NOA2,GC3,728,2732806,33.5271508274776,31.1236648235354,36.0662620514606
2019,NOA,NOA2,GC3,648,2760266,29.1083772155994,26.9023496500006,31.4465908589455
2020,NOA,NOA2,GC3,617,2787502,26.8145458860516,24.7324138732741,29.0246390488765
2021,NOA,NOA2,GC3,685,2814472,29.0908310185154,26.9473691387247,31.3591020438197
2022,NOA,NOA2,GC3,715,2841138,29.6037862112671,27.4691524761434,31.8599980423272
2023,NOA,NOA2,GC3,672,2867430,27.0687828199242,25.0574960093853,29.1983458397796
2010,NOA,NOA2,GC4,1155,2513844,65.1859705252275,61.4428764082403,69.0956985597555
2011,NOA,NOA2,GC4,1079,2540714,58.6146064639351,55.1281317296335,62.2617992988887
2012,NOA,NOA2,GC4,1063,2567784,56.3892301568455,53.0139064094876,59.9213443763977
2013,NOA,NOA2,GC4,1093,2595048,57.0566120925918,53.6964213787849,60.5706794412262
2014,NOA,NOA2,GC4,1082,2622470,55.3637309530717,52.0900509732542,58.7881050973752
2015,NOA,NOA2,GC4,1149,2649984,56.8222692909243,53.5596287413358,60.2305430367422
2016,NOA,NOA2,GC4,1303,2677574,64.3074288788448,60.8501913709631,67.9093646734886
2017,NOA,NOA2,GC4,1323,2705210,63.3296524197122,59.9489269775934,66.8507758878665
2018,NOA,NOA2,GC4,1352,2732806,62.7573221178819,59.4443238564181,66.2063888810137
2019,NOA,NOA2,GC4,1326,2760266,60.4010965438367,57.1854640601659,63.7501163363974
2020,NOA,NOA2,GC4,1281,2787502,56.6601235793931,53.5933424848627,59.8563837290038
2021,NOA,NOA2,GC4,1407,2814472,60.3678129766038,57.2492476151241,63.6118772869441
2022,NOA,NOA2,GC4,1530,2841138,63.879680168267,60.7141413100986,67.1672702309481
2023,NOA,NOA2,GC4,1314,2867430,53.2737473857953,50.4289849254196,56.2370629819991
2010,Patagonia,Patagonia Norte,GC1,1343,3094430,59.213951170731,56.0641957921885,62.4935129700241
2011,Patagonia,Patagonia Norte,GC1,1390,3140948,58.9115558710789,55.8320704195141,62.1157398445285
2012,Patagonia,Patagonia Norte,GC1,1325,3187162,54.7241319083404,51.7993520879365,57.77028102077
2013,Patagonia,Patagonia Norte,GC1,1519,3233012,60.4148784536496,57.3971383609361,63.5494006244538
2014,Patagonia,Patagonia Norte,GC1,1559,3278434,59.8602320975822,56.9101813362261,62.9229405763453
2015,Patagonia,Patagonia Norte,GC1,1544,3323350,57.5721340486296,54.7241620566849,60.5294036257737
2016,Patagonia,Patagonia Norte,GC1,1495,3367774,53.7161166051799,51.016784989443,56.5207613265093
2017,Patagonia,Patagonia Norte,GC1,1618,3411716,56.2717051642491,53.5547407975208,59.0904775947496
2018,Patagonia,Patagonia Norte,GC1,1595,3455130,53.7197753383461,51.1095170706799,56.4285604646326
2019,Patagonia,Patagonia Norte,GC1,1809,3497966,58.9007385736921,56.2130063898436,61.6836124368133
2020,Patagonia,Patagonia Norte,GC1,1637,3540190,51.3989583814171,48.9358959865402,53.9537666868654
2021,Patagonia,Patagonia Norte,GC1,1845,3581814,55.9318696992943,53.4065240616219,58.5457155180686
2022,Patagonia,Patagonia Norte,GC1,1786,3622870,52.3916232700084,49.9886880825012,54.8801753581003
2023,Patagonia,Patagonia Norte,GC1,1671,3663334,47.3780808237708,45.1329645664041,49.705952355416
2010,Patagonia,Patagonia Norte,GC2,645,3094430,28.8476387863232,26.6482382753998,31.1791443798003
2011,Patagonia,Patagonia Norte,GC2,689,3140948,29.5755256313058,27.3928594076335,31.8849026917089
2012,Patagonia,Patagonia Norte,GC2,617,3187162,25.6800592989834,23.6812589313447,27.8016995212466
2013,Patagonia,Patagonia Norte,GC2,642,3233012,25.6891579207453,23.7291693464889,27.767155214056
2014,Patagonia,Patagonia Norte,GC2,706,3278434,27.212263094745,25.2311726292923,29.3069258221791
2015,Patagonia,Patagonia Norte,GC2,683,3323350,25.5406855972731,23.6530536177573,27.5383961982662
2016,Patagonia,Patagonia Norte,GC2,535,3367774,19.3026860712842,17.6956495837857,21.0160463528895
2017,Patagonia,Patagonia Norte,GC2,601,3411716,20.936901178233,19.2909497605985,22.6853902786042
2018,Patagonia,Patagonia Norte,GC2,637,3455130,21.4167961518983,19.7813238600865,23.1511367460964
2019,Patagonia,Patagonia Norte,GC2,571,3497966,18.6678426403911,17.1653487413871,20.2664487340955
2020,Patagonia,Patagonia Norte,GC2,695,3540190,21.8166280814334,20.222395618238,23.5029979762553
2021,Patagonia,Patagonia Norte,GC2,694,3581814,21.1019915043432,19.5597798961216,22.7334002463586
2022,Patagonia,Patagonia Norte,GC2,704,3622870,20.6960928265146,19.1947057903295,22.2836775938112
2023,Patagonia,Patagonia Norte,GC2,670,3663334,19.0315679455916,17.6173521579387,20.529076439272
2010,Patagonia,Patagonia Norte,GC3,700,3094430,30.0145589951762,27.8112977849518,32.3446861584225
2011,Patagonia,Patagonia Norte,GC3,802,3140948,33.3809460507893,31.0917203434357,35.7930676152013
2012,Patagonia,Patagonia Norte,GC3,697,3187162,28.1294250433048,26.0649364672007,30.3130524663458
2013,Patagonia,Patagonia Norte,GC3,745,3233012,29.2317108551767,27.1574477408105,31.4216377936239
2014,Patagonia,Patagonia Norte,GC3,757,3278434,28.5296434249212,26.5215437322707,30.6487997476939
2015,Patagonia,Patagonia Norte,GC3,845,3323350,30.9560291328641,28.8941452082105,33.1256699267506
2016,Patagonia,Patagonia Norte,GC3,980,3367774,34.9453221286187,32.7829457332253,37.2124223727128
2017,Patagonia,Patagonia Norte,GC3,720,3411716,24.7572219868891,22.9760834794767,26.6394415395385
2018,Patagonia,Patagonia Norte,GC3,766,3455130,25.3877766153478,23.6167640009489,27.2561395861164
2019,Patagonia,Patagonia Norte,GC3,716,3497966,23.0616712403948,21.4000023752965,24.8179123246274
2020,Patagonia,Patagonia Norte,GC3,730,3540190,22.7024428620129,21.0830734732873,24.4130618152704
2021,Patagonia,Patagonia Norte,GC3,749,3581814,22.6090539514908,21.0173525320448,24.289266394076
2022,Patagonia,Patagonia Norte,GC3,741,3622870,21.6721644769372,20.1389493947716,23.2911112273682
2023,Patagonia,Patagonia Norte,GC3,763,3663334,21.5911608221025,20.0857869404634,23.1794506116719
2010,Patagonia,Patagonia Norte,GC4,1313,3094430,59.0185950701357,55.8500291310501,62.3192598091361
2011,Patagonia,Patagonia Norte,GC4,1316,3140948,56.7923307901859,53.7460013676124,59.9655147841237
2012,Patagonia,Patagonia Norte,GC4,1389,3187162,57.8724882026889,54.8526540786879,61.014650354779
2013,Patagonia,Patagonia Norte,GC4,1384,3233012,55.6853562202808,52.7752880625305,58.7135234498626
2014,Patagonia,Patagonia Norte,GC4,1266,3278434,49.167476225157,46.484390544953,51.9645260328154
2015,Patagonia,Patagonia Norte,GC4,1397,3323350,52.5572445305681,49.827326591797,55.3974224263503
2016,Patagonia,Patagonia Norte,GC4,1545,3367774,56.2933126297034,53.513155683886,59.1801293399615
2017,Patagonia,Patagonia Norte,GC4,1812,3411716,63.8587826360959,60.9455667139407,66.8750349653306
2018,Patagonia,Patagonia Norte,GC4,1463,3455130,49.744425793702,47.2235787365744,52.3647153298323
2019,Patagonia,Patagonia Norte,GC4,1447,3497966,47.5802843665821,45.1571407617157,50.0995547002508
2020,Patagonia,Patagonia Norte,GC4,1339,3540190,42.2062810461273,39.973342552742,44.5313829268223
2021,Patagonia,Patagonia Norte,GC4,1472,3581814,44.756509281093,42.4975182268349,47.1043343976159
2022,Patagonia,Patagonia Norte,GC4,1547,3622870,45.6046711130572,43.3594487869809,47.9359737542168
2023,Patagonia,Patagonia Norte,GC4,1492,3663334,42.4112126214068,40.2859282513548,44.6194990238264
2010,Patagonia,Patagonia Sur,GC1,822,1841092,77.1634706212824,71.8050155996513,82.8059688078014
2011,Patagonia,Patagonia Sur,GC1,639,1888714,55.6774629844398,51.2926241176652,60.3269473556794
2012,Patagonia,Patagonia Sur,GC1,573,1936408,48.1731663640885,44.1850282714397,52.4159584202375
2013,Patagonia,Patagonia Sur,GC1,654,1984126,52.0166696379473,47.9728307076968,56.3016669616947
2014,Patagonia,Patagonia Sur,GC1,685,2031812,53.2999401331101,49.2692149927792,57.5653656734378
2015,Patagonia,Patagonia Sur,GC1,760,2079416,57.576584907194,53.4466013296747,61.9345097262446
2016,Patagonia,Patagonia Sur,GC1,675,2126948,49.9124012360489,46.1308926312638,53.9157756661511
2017,Patagonia,Patagonia Sur,GC1,675,2174436,47.1527646293729,43.5773496482613,50.9379536659056
2018,Patagonia,Patagonia Sur,GC1,866,2221834,59.3025457491365,55.3370810183194,63.4726519432124
2019,Patagonia,Patagonia Sur,GC1,900,2269118,59.1105041914224,55.2364438409463,63.1805712995993
2020,Patagonia,Patagonia Sur,GC1,895,2316248,56.0907804355736,52.4092685985746,59.9590910234968
2021,Patagonia,Patagonia Sur,GC1,1091,2363268,65.6737248786408,61.7662447091261,69.7603123043062
2022,Patagonia,Patagonia Sur,GC1,1171,2410208,68.6197900916409,64.687052309531,72.7263751351528
2023,Patagonia,Patagonia Sur,GC1,921,2457038,50.8124020956242,47.5357132159519,54.2529212480154
2010,Patagonia,Patagonia Sur,GC2,392,1841092,37.6902350707358,33.9395417079071,41.7325812523462
2011,Patagonia,Patagonia Sur,GC2,432,1888714,39.3793605418296,35.6374893162459,43.3978513215989
2012,Patagonia,Patagonia Sur,GC2,407,1936408,35.3740143410455,31.9151764576246,39.0966023053151
2013,Patagonia,Patagonia Sur,GC2,354,1984126,28.067394568248,25.1236083741119,31.252589599243
2014,Patagonia,Patagonia Sur,GC2,337,2031812,26.451094722446,23.6182173848143,29.5223346468554
2015,Patagonia,Patagonia Sur,GC2,339,2079416,25.7668470564746,23.0170219043061,28.7473323495804
2016,Patagonia,Patagonia Sur,GC2,315,2126948,22.5089618886581,20.0138156624483,25.2215982327467
2017,Patagonia,Patagonia Sur,GC2,284,2174436,19.8632551362647,17.5591127383651,22.3794426117033
2018,Patagonia,Patagonia Sur,GC2,312,2221834,20.5900088862334,18.3077398695357,23.0722114554758
2019,Patagonia,Patagonia Sur,GC2,283,2269118,18.6796138753182,16.5229489516165,21.0351194865742
2020,Patagonia,Patagonia Sur,GC2,318,2316248,20.682426308777,18.4328979215735,23.1270652509391
2021,Patagonia,Patagonia Sur,GC2,354,2363268,21.5279188394437,19.3041151627949,23.9340882938965
2022,Patagonia,Patagonia Sur,GC2,406,2410208,24.2044402802619,21.8772816763328,26.7092813268876
2023,Patagonia,Patagonia Sur,GC2,400,2457038,23.1425381660942,20.9042569852732,25.5530457101962
2010,Patagonia,Patagonia Sur,GC3,391,1841092,36.1122293154958,32.5134464314761,39.9912251140424
2011,Patagonia,Patagonia Sur,GC3,308,1888714,26.7380696167369,23.7360154292816,30.0048953532579
2012,Patagonia,Patagonia Sur,GC3,336,1936408,27.7769745208825,24.7986541979349,31.0062847203112
2013,Patagonia,Patagonia Sur,GC3,369,1984126,29.627750073231,26.5962961161944,32.9024767481865
2014,Patagonia,Patagonia Sur,GC3,433,2031812,32.7030409890832,29.603820837988,36.0310971652959
2015,Patagonia,Patagonia Sur,GC3,425,2079416,31.0020720601045,28.0421435313056,34.1826814267568
2016,Patagonia,Patagonia Sur,GC3,424,2126948,30.09250419571,27.2208552577462,33.1785146636858
2017,Patagonia,Patagonia Sur,GC3,416,2174436,28.7053554263533,25.9503500700099,31.6680631319112
2018,Patagonia,Patagonia Sur,GC3,391,2221834,26.045753642561,23.4741126825966,28.8176309134483
2019,Patagonia,Patagonia Sur,GC3,380,2269118,24.2984053935722,21.8691343077524,26.9196611743913
2020,Patagonia,Patagonia Sur,GC3,388,2316248,23.7021803274017,21.3569312013637,26.2307724068785
2021,Patagonia,Patagonia Sur,GC3,411,2363268,23.8111830292201,21.5208435835744,26.2752831688062
2022,Patagonia,Patagonia Sur,GC3,363,2410208,20.2879966882495,18.2226222799337,22.520539935631
2023,Patagonia,Patagonia Sur,GC3,360,2457038,19.5659161653852,17.5685904269933,21.7256045266773
2010,Patagonia,Patagonia Sur,GC4,695,1841092,68.3496835302753,63.2284460252952,73.7668989941487
2011,Patagonia,Patagonia Sur,GC4,757,1888714,71.4640865228706,66.3371703054258,76.8745434629756
2012,Patagonia,Patagonia Sur,GC4,785,1936408,71.9963268333373,66.9395715198931,77.3275613510681
2013,Patagonia,Patagonia Sur,GC4,923,1984126,82.0277285126989,76.7260455740157,87.5941936877329
2014,Patagonia,Patagonia Sur,GC4,1096,2031812,93.9435796529463,88.3647659945381,99.7775109895789
2015,Patagonia,Patagonia Sur,GC4,1015,2079416,83.3292559675206,78.1974757620323,88.7051335116329
2016,Patagonia,Patagonia Sur,GC4,1008,2126948,78.3659838744773,73.5166744473459,83.4467750105401
2017,Patagonia,Patagonia Sur,GC4,1001,2174436,74.7635416255401,70.1308980521394,79.618116387337
2018,Patagonia,Patagonia Sur,GC4,952,2221834,66.9359395668685,62.6817402710754,71.3992581171226
2019,Patagonia,Patagonia Sur,GC4,910,2269118,61.9355751719082,57.9177208927844,66.1555607177598
2020,Patagonia,Patagonia Sur,GC4,815,2316248,52.7082057451724,49.0988034527379,56.5097803424647
2021,Patagonia,Patagonia Sur,GC4,810,2363268,50.3967013609506,46.9419898157709,54.0359324378112
2022,Patagonia,Patagonia Sur,GC4,1086,2410208,65.8049728886307,61.9062705813407,69.8828013102568
2023,Patagonia,Patagonia Sur,GC4,954,2457038,54.7461870441256,51.2903355618044,58.3717313013502
