population_group_id,population_group_name,measure_id,measure_name,location_id,location_name,sex_id,sex_name,age_id,age_name,cause_id,cause_name,metric_id,metric_name,year,val,upper,lower
1,Toda la población,1,Muertes,1,Mundo,3,Ambos,22,Todas las edades,429,Cáncer de mama,2,Porcentaje,2023,0.012990953100397093,0.01460827433560147,0.011506525100606383
1,Toda la población,1,Muertes,1,Mundo,3,Ambos,22,Todas las edades,432,Cáncer de cérvix,2,Porcentaje,2023,0.006152732365057196,0.007960881188886776,0.004870823549735666
1,Toda la población,1,Muertes,1,Mundo,3,Ambos,22,Todas las edades,435,Cáncer de cuerpo de útero,2,Porcentaje,2023,0.0018077526011524658,0.0021041960854968644,0.001551991044666682
1,Toda la población,1,Muertes,1,Mundo,3,Ambos,22,Todas las edades,438,Cáncer de próstata,2,Porcentaje,2023,0.00787643058324424,0.008785639007248765,0.0069306107854487445
1,Toda la población,1,Muertes,1,Mundo,3,Ambos,22,Todas las edades,441,Cáncer de  colon y recto,2,Porcentaje,2023,0.018427771852002967,0.01986787612429023,0.016820194431898642
1,Toda la población,1,Muertes,1,Mundo,3,Ambos,22,Todas las edades,444,Cáncer de  labios y cavidad oral,2,Porcentaje,2023,0.0037570281903157427,0.004382123525758491,0.003277220124169799
1,Toda la población,1,Muertes,1,Mundo,3,Ambos,22,Todas las edades,572,Trastornos de la alimentación,2,Porcentaje,2023,3.945678173576629e-06,6.190356943426459e-06,1.9273685209433496e-06
1,Toda la población,1,Muertes,1,Mundo,3,Ambos,22,Todas las edades,587,Diabetes mellitus,2,Porcentaje,2023,0.03335747358083031,0.03830531375684082,0.02834714343724615
1,Toda la población,1,Muertes,1,Mundo,3,Ambos,22,Todas las edades,588,Glomerulonefritis aguda,2,Porcentaje,2023,0.00018468539471018034,0.00024575554808949724,0.0001248348120602201
1,Toda la población,1,Muertes,1,Mundo,3,Ambos,22,Todas las edades,589,Enfermedad renal crónica,2,Porcentaje,2023,0.025312105042737926,0.028190216675203356,0.02220702684473698
1,Toda la población,1,Muertes,1,Mundo,3,Ambos,22,Todas las edades,594,Enfermedades urinarias e infertilidad masculina,2,Porcentaje,2023,0.006600163097466041,0.0072258436787674026,0.0059863175234275865
1,Toda la población,1,Muertes,1,Mundo,3,Ambos,22,Todas las edades,603,Enfermedades ginecológicas,2,Porcentaje,2023,0.0002341294880394641,0.0004132402343000523,0.00011885726040456007
1,Toda la población,1,Muertes,1,Mundo,3,Ambos,22,Todas las edades,613,Hemoglobinopatías y anemias hemolíticos,2,Porcentaje,2023,0.0022035876317365237,0.0036534065150546943,0.0014261753728664864
1,Toda la población,1,Muertes,1,Mundo,3,Ambos,22,Todas las edades,619,"Trastornos endócrinos, metabólicos, de sangre e inmunes",2,Porcentaje,2023,0.00345490880471457,0.003907300727114087,0.003009714187552201
1,Toda la población,1,Muertes,1,Mundo,3,Ambos,22,Todas las edades,940,Electrocución,2,Porcentaje,2023,0.0007053991151434591,0.0009633480125761918,0.00036480073130740735
1,Toda la población,1,Muertes,1,Mundo,3,Ambos,22,Todas las edades,945,Conflicto y terrorismo,2,Porcentaje,2023,0.0026492752461716425,0.0034683573927026083,0.00208124651795262
1,Toda la población,1,Muertes,1,Mundo,3,Ambos,22,Todas las edades,958,Tifoidea y paratifoidea,2,Porcentaje,2023,0.0013792472677908484,0.002249777531057716,0.0007247793078461037
1,Toda la población,1,Muertes,1,Mundo,3,Ambos,22,Todas las edades,959,Infección por Salmonella no tifoidea,2,Porcentaje,2023,0.0012777186366008592,0.0016500371542888686,0.0010025109809080838
1,Toda la población,1,Muertes,1,Mundo,3,Ambos,22,Todas las edades,387,Desnutrición proteinocalórica,2,Porcentaje,2023,0.0040899475913536475,0.005048532497707928,0.0032682065962591727
1,Toda la población,1,Muertes,1,Mundo,3,Ambos,22,Todas las edades,391,Otras deficiencias nutricionales,2,Porcentaje,2023,0.0007125624227437605,0.0009711448651557074,0.0004999453984337261
1,Toda la población,1,Muertes,1,Mundo,3,Ambos,22,Todas las edades,393,"Enfermedades de transmisión sexual, excluyendo VIH",2,Porcentaje,2023,0.0013946811412190983,0.0025544333213517313,0.0005993950100113306
1,Toda la población,1,Muertes,1,Mundo,3,Ambos,22,Todas las edades,529,Apendicitis,2,Porcentaje,2023,0.0005157664325073453,0.0007276554894807889,0.0003647420145096191
1,Toda la población,1,Muertes,1,Mundo,3,Ambos,22,Todas las edades,530,Íleo paralítico y obstrucción intestinal,2,Porcentaje,2023,0.004058249345725846,0.004773994168601839,0.003400692183212308
1,Toda la población,1,Muertes,1,Mundo,3,Ambos,22,Todas las edades,531,"Hernia inguinal, femoral y abdominal",2,Porcentaje,2023,0.0008512801232574224,0.0011282852759978619,0.0006503433236284911
1,Toda la población,1,Muertes,1,Mundo,3,Ambos,22,Todas las edades,532,Enfermedad inflamatoria del colon,2,Porcentaje,2023,0.0007750563553739421,0.0008914189089452489,0.000672065009890349
1,Toda la población,1,Muertes,1,Mundo,3,Ambos,22,Todas las edades,533,Trastornos vasculares del intestino,2,Porcentaje,2023,0.0015431794673358365,0.0017058742250599447,0.0013855943955255361
1,Toda la población,1,Muertes,1,Mundo,3,Ambos,22,Todas las edades,534,Trastornos de la vesícula y vías biliares,2,Porcentaje,2023,0.0024426290584301643,0.002902206407871171,0.0020259074188984684
1,Toda la población,1,Muertes,1,Mundo,3,Ambos,22,Todas las edades,535,Pancreatitis,2,Porcentaje,2023,0.002072818263721502,0.002462501367495058,0.0017930453594416707
1,Toda la población,1,Muertes,1,Mundo,3,Ambos,22,Todas las edades,543,Enfermedad de Alzheimer y otras demencias,2,Porcentaje,2023,0.03678910440608908,0.09031698670684177,0.00919506254195854
1,Toda la población,1,Muertes,1,Mundo,3,Ambos,22,Todas las edades,544,Enfermedad de Parkinson,2,Porcentaje,2023,0.0071067698120253,0.007793168675275232,0.006340441411641821
1,Toda la población,1,Muertes,1,Mundo,3,Ambos,22,Todas las edades,545,Epilepsia,2,Porcentaje,2023,0.0026541510804599486,0.0033824777443201798,0.0020784262723750275
1,Toda la población,1,Muertes,1,Mundo,3,Ambos,22,Todas las edades,546,Esclerosis múltiple,2,Porcentaje,2023,0.0003174726153964726,0.0003607107395029757,0.0002884554537808658
1,Toda la población,1,Muertes,1,Mundo,3,Ambos,22,Todas las edades,554,Enf. neuromotora,2,Porcentaje,2023,0.0007433160729372946,0.0008343465531324265,0.0006836108985692048
1,Toda la población,1,Muertes,1,Mundo,3,Ambos,22,Todas las edades,557,Otros trastornos neurológicos,2,Porcentaje,2023,0.0026527982177683143,0.0029978288976974412,0.0023110130957082684
1,Toda la población,1,Muertes,1,Mundo,3,Ambos,22,Todas las edades,560,Consumo de alcohol ,2,Porcentaje,2023,0.0028573244712255495,0.0032722165444571266,0.002564718609859553
1,Toda la población,1,Muertes,1,Mundo,3,Ambos,22,Todas las edades,561,Consumo de drogas,2,Porcentaje,2023,0.0028733377448131384,0.003321974941683102,0.002495184167803942
1,Toda la población,1,Muertes,1,Mundo,3,Ambos,22,Todas las edades,718,Suicidio,2,Porcentaje,2023,0.012784860990840162,0.014312773143891731,0.011281466554589972
1,Toda la población,1,Muertes,1,Mundo,3,Ambos,22,Todas las edades,724,Violencia interpersonal,2,Porcentaje,2023,0.007256415642604873,0.008518622205017945,0.006372734601640416
1,Toda la población,1,Muertes,1,Mundo,3,Ambos,22,Todas las edades,729,Exposición a fuerzas de la naturaleza,2,Porcentaje,2023,0.0014756512499790612,0.001625807707257149,0.001347786925251941
1,Toda la población,1,Muertes,1,Mundo,3,Ambos,22,Todas las edades,842,Exposición al calor y frío del ambiente,2,Porcentaje,2023,0.0013886783708132332,0.0015958989604097746,0.0012010482774213712
1,Toda la población,1,Muertes,1,Mundo,3,Ambos,22,Todas las edades,843,Ébola,2,Porcentaje,2023,0.0,0.0,0.0
1,Toda la población,1,Muertes,1,Mundo,3,Ambos,22,Todas las edades,854,Ejecuciones y conflictos policiacos,2,Porcentaje,2023,0.00014806718621325824,0.0002236276959302328,0.00010440892490000307
1,Toda la población,1,Muertes,1,Mundo,3,Ambos,22,Todas las edades,935,Zika,2,Porcentaje,2023,4.178986741571557e-09,9.436426893517951e-09,2.021279986965232e-09
1,Toda la población,1,Muertes,1,Mundo,3,Ambos,22,Todas las edades,494,Enfermedad vascular cerebral,2,Porcentaje,2023,0.11299304131309353,0.12428975447998065,0.10146079020623044
1,Toda la población,1,Muertes,1,Mundo,3,Ambos,22,Todas las edades,627,Artritis reumatoide,2,Porcentaje,2023,0.0007637135705670664,0.0009647107523408712,0.0005418295489198956
1,Toda la población,1,Muertes,1,Mundo,3,Ambos,22,Todas las edades,639,Otros trastornos musculoesqueléticos,2,Porcentaje,2023,0.0014292357920483447,0.0017327449977791627,0.001139061076176858
1,Toda la población,1,Muertes,1,Mundo,3,Ambos,22,Todas las edades,641,Anomalías congénitas,2,Porcentaje,2023,0.009371134240021924,0.011820232694743495,0.007365231660494142
1,Toda la población,1,Muertes,1,Mundo,3,Ambos,22,Todas las edades,665,Úlcera de decúbito,2,Porcentaje,2023,0.0008002106622287259,0.001040902933701359,0.0006091257024116839
1,Toda la población,1,Muertes,1,Mundo,3,Ambos,22,Todas las edades,668,Otros trastornos de piel y subcutáneos,2,Porcentaje,2023,0.00018864844837770608,0.0002944967907786959,0.00011569814272328289
1,Toda la población,1,Muertes,1,Mundo,3,Ambos,22,Todas las edades,686,Síndrome de muerte súbita del lactante,2,Porcentaje,2023,0.0004261736921347953,0.0006680268486912919,0.00026677653764403534
1,Toda la población,1,Muertes,1,Mundo,3,Ambos,22,Todas las edades,689,Accidentes de tránsito,2,Porcentaje,2023,0.022368641390177593,0.02637731436608149,0.01748361575441031
1,Toda la población,1,Muertes,1,Mundo,3,Ambos,22,Todas las edades,980,Infecciones bacterianas de la piel,2,Porcentaje,2023,0.0016933746921300214,0.0021440738298607507,0.0013716747516449705
1,Toda la población,1,Muertes,1,Mundo,3,Ambos,22,Todas las edades,992,Enfermedades del aparato digestivo superior,2,Porcentaje,2023,0.004418537908946554,0.005452940448196173,0.003672380925168344
1,Toda la población,1,Muertes,1,Mundo,3,Ambos,22,Todas las edades,1004,Pulmonary Arterial Hypertension,2,Porcentaje,2023,0.00037867174832418796,0.0004940560760524574,0.0002920468179587338
1,Toda la población,1,Muertes,1,Mundo,3,Ambos,22,Todas las edades,1008,Eye cancer,2,Porcentaje,2023,0.0001679076370952404,0.0002376060216188415,0.00012129291750470116
1,Toda la población,1,Muertes,1,Mundo,3,Ambos,22,Todas las edades,1011,Soft tissue and other extraosseous sarcomas,2,Porcentaje,2023,0.0010142093688031417,0.0012563243839538287,0.0008160264178289529
1,Toda la población,1,Muertes,1,Mundo,3,Ambos,22,Todas las edades,1012,Malignant neoplasm of bone and articular cartilage,2,Porcentaje,2023,0.0012759530394061919,0.0015958815980453432,0.0010097592291339658
1,Toda la población,1,Muertes,1,Mundo,3,Ambos,22,Todas las edades,1013,Neuroblastoma and other peripheral nervous cell tumors,2,Porcentaje,2023,0.00010005247598594406,0.00012637098573395694,8.432309555946221e-05
1,Toda la población,1,Muertes,1,Mundo,3,Ambos,22,Todas las edades,447,Cáncer nasofaríngeo,2,Porcentaje,2023,0.001254427673187152,0.0014578971212119898,0.001055572951118825
1,Toda la población,1,Muertes,1,Mundo,3,Ambos,22,Todas las edades,450,Otros cánceres faríngeos,2,Porcentaje,2023,0.001896866365935545,0.002354820373064837,0.0015499378459821636
1,Toda la población,1,Muertes,1,Mundo,3,Ambos,22,Todas las edades,453,Cáncer de vesícula y tracto biliar,2,Porcentaje,2023,0.003063064687862915,0.0036099654112380737,0.002680411918814648
1,Toda la población,1,Muertes,1,Mundo,3,Ambos,22,Todas las edades,456,Cáncer  pancreático,2,Porcentaje,2023,0.0091982640829918,0.009783637859834033,0.00841395849744806
1,Toda la población,1,Muertes,1,Mundo,3,Ambos,22,Todas las edades,459,Melanoma maligno,2,Porcentaje,2023,0.0011085169590579432,0.0012644625455626982,0.00100047626467136
1,Toda la población,1,Muertes,1,Mundo,3,Ambos,22,Todas las edades,462,"Cáncer de  piel, no melanómico",2,Porcentaje,2023,0.0010630342162814073,0.0011886619023562443,0.0009070786198550854
1,Toda la población,1,Muertes,1,Mundo,3,Ambos,22,Todas las edades,465,Cáncer de ovario,2,Porcentaje,2023,0.003679703974530904,0.004260959106399178,0.0032164091272238985
1,Toda la población,1,Muertes,1,Mundo,3,Ambos,22,Todas las edades,468,Cáncer de testículo,2,Porcentaje,2023,0.00019836968748120412,0.00024279052058402104,0.00015937138548820272
1,Toda la población,1,Muertes,1,Mundo,3,Ambos,22,Todas las edades,471,Cáncer de riñón,2,Porcentaje,2023,0.0027525071197463166,0.002994328184662613,0.002469822899532234
1,Toda la población,1,Muertes,1,Mundo,3,Ambos,22,Todas las edades,474,Cáncer de vejiga,2,Porcentaje,2023,0.0038917066654523907,0.004265661833741674,0.0034929388445611733
1,Toda la población,1,Muertes,1,Mundo,3,Ambos,22,Todas las edades,477,Cáncer cerebral y del sistema nervioso,2,Porcentaje,2023,0.004394521634283826,0.005211632443424235,0.0038760950948741697
1,Toda la población,1,Muertes,1,Mundo,3,Ambos,22,Todas las edades,480,Cáncer de tiroides,2,Porcentaje,2023,0.0008692410948340218,0.001023007254646471,0.000752480450068899
1,Toda la población,1,Muertes,1,Mundo,3,Ambos,22,Todas las edades,483,Mesotelioma,2,Porcentaje,2023,0.00046589128913575696,0.0005146950762985957,0.00041348008895835797
1,Toda la población,1,Muertes,1,Mundo,3,Ambos,22,Todas las edades,484,Linfoma Hodgkin,2,Porcentaje,2023,0.00045219713053529237,0.0005852610192100438,0.0003472273942429707
1,Toda la población,1,Muertes,1,Mundo,3,Ambos,22,Todas las edades,485,Linfoma no Hodgkin,2,Porcentaje,2023,0.004712431517706167,0.005287970857671063,0.004110863240345073
1,Toda la población,1,Muertes,1,Mundo,3,Ambos,22,Todas las edades,486,Mieloma múltiple,2,Porcentaje,2023,0.0020832756874504654,0.0022807469435190677,0.0018780293699053035
1,Toda la población,1,Muertes,1,Mundo,3,Ambos,22,Todas las edades,487,Leucemia,2,Porcentaje,2023,0.005691295070097338,0.006384975462507738,0.00513132032983953
1,Toda la población,1,Muertes,1,Mundo,3,Ambos,22,Todas las edades,489,Otras neoplasias malignas,2,Porcentaje,2023,0.0037603427593952223,0.004193342066520176,0.0032994612796238853
1,Toda la población,1,Muertes,1,Mundo,3,Ambos,22,Todas las edades,490,Otras neoplasias in situ y no malignas,2,Porcentaje,2023,0.0020728550414426915,0.0024179096867243516,0.0017847331545596354
1,Toda la población,1,Muertes,1,Mundo,3,Ambos,22,Todas las edades,492,Cardiopatías reumática,2,Porcentaje,2023,0.00647593540716564,0.009278894015835069,0.004368626795566388
1,Toda la población,1,Muertes,1,Mundo,3,Ambos,22,Todas las edades,493,Cardiopatías isquémicas,2,Porcentaje,2023,0.14815730932283558,0.15916089625379914,0.1344843676584293
1,Toda la población,1,Muertes,1,Mundo,3,Ambos,22,Todas las edades,342,Varicela y herpes zoster,2,Porcentaje,2023,0.00022773597138166484,0.0002466081188121727,0.00020599891683763464
1,Toda la población,1,Muertes,1,Mundo,3,Ambos,22,Todas las edades,345,Paludismo,2,Porcentaje,2023,0.011162234179267986,0.020791197433582573,0.004321275337206282
1,Toda la población,1,Muertes,1,Mundo,3,Ambos,22,Todas las edades,346,Enfermedad de Chagas,2,Porcentaje,2023,0.0001402031824666692,0.00015643062401026267,0.00012358871635934955
1,Toda la población,1,Muertes,1,Mundo,3,Ambos,22,Todas las edades,498,Cardiopatía hipertensiva,2,Porcentaje,2023,0.024713165097283687,0.030251840453633393,0.019831193036913018
1,Toda la población,1,Muertes,1,Mundo,3,Ambos,22,Todas las edades,499,Cardiomiopatía y miocarditis,2,Porcentaje,2023,0.006659849956391166,0.0077819509863547255,0.0056035907142062006
1,Toda la población,1,Muertes,1,Mundo,3,Ambos,22,Todas las edades,500,Fibrilación atrial,2,Porcentaje,2023,0.0062830273998840105,0.007072556767126051,0.005332625665307179
1,Toda la población,1,Muertes,1,Mundo,3,Ambos,22,Todas las edades,501,Aneurisma de la aorta,2,Porcentaje,2023,0.002789484584101384,0.003139664507327872,0.00245146132802439
1,Toda la población,1,Muertes,1,Mundo,3,Ambos,22,Todas las edades,502,Enfermedad vascular periférica,2,Porcentaje,2023,0.0012467396994505602,0.0013831194761713792,0.0011064426402019759
1,Toda la población,1,Muertes,1,Mundo,3,Ambos,22,Todas las edades,503,Endocarditis,2,Porcentaje,2023,0.0014362539420483828,0.0016879277858789143,0.0012361851071091528
1,Toda la población,1,Muertes,1,Mundo,3,Ambos,22,Todas las edades,504,Desórdenes valvulares no reumáticos,2,Porcentaje,2023,0.0031864165368431616,0.0036056713225969665,0.002616984511396784
1,Toda la población,1,Muertes,1,Mundo,3,Ambos,22,Todas las edades,507,Otras enfermedades cardiovasculares y circulatorias,2,Porcentaje,2023,0.004427657533625718,0.005314664666045576,0.003612114673822585
1,Toda la población,1,Muertes,1,Mundo,3,Ambos,22,Todas las edades,509,Enfermadad pulmonar obstructiva crónica,2,Porcentaje,2023,0.056905252543538724,0.06779756118898382,0.049111228781452874
1,Toda la población,1,Muertes,1,Mundo,3,Ambos,22,Todas las edades,510,Neumoconiosis,2,Porcentaje,2023,0.0003107472133141119,0.0004109503076825085,0.00023521482092713817
1,Toda la población,1,Muertes,1,Mundo,3,Ambos,22,Todas las edades,515,Asma,2,Porcentaje,2023,0.0073606347790342195,0.010991597775236079,0.005093647364538561
1,Toda la población,1,Muertes,1,Mundo,3,Ambos,22,Todas las edades,516,Enfermedades pulmonares intesticiales y sarcoidosis pulmonar,2,Porcentaje,2023,0.0035502925230720323,0.004349913337193518,0.002928751065253978
1,Toda la población,1,Muertes,1,Mundo,3,Ambos,22,Todas las edades,520,Otras enfermedades respiratorias crónicas,2,Porcentaje,2023,0.001058721570110838,0.0014776450854547807,0.0007797930887014172
1,Toda la población,1,Muertes,1,Mundo,3,Ambos,22,Todas las edades,521,Cirrosis,2,Porcentaje,2023,0.02134857408761759,0.02366686239450559,0.019039348953189653
1,Toda la población,1,Muertes,1,Mundo,3,Ambos,22,Todas las edades,695,Otros accidentes de transporte,2,Porcentaje,2023,0.0013658770453362674,0.0018712454411763896,0.0009264732421134533
1,Toda la población,1,Muertes,1,Mundo,3,Ambos,22,Todas las edades,697,Caídas,2,Porcentaje,2023,0.014274090696460491,0.016599469509477053,0.01217092065818827
1,Toda la población,1,Muertes,1,Mundo,3,Ambos,22,Todas las edades,698,Ahogamientos,2,Porcentaje,2023,0.0048491589423473895,0.006072122858739257,0.003915580316548363
1,Toda la población,1,Muertes,1,Mundo,3,Ambos,22,Todas las edades,699,Quemaduras,2,Porcentaje,2023,0.002509117393181099,0.0033940756938521223,0.001716872664243241
1,Toda la población,1,Muertes,1,Mundo,3,Ambos,22,Todas las edades,700,Envenenamientos,2,Porcentaje,2023,0.0011625464829838263,0.0015244835469070818,0.0009074911055464127
1,Toda la población,1,Muertes,1,Mundo,3,Ambos,22,Todas las edades,704,Exposición a fuerzas mecánicas,2,Porcentaje,2023,0.0017329083926241437,0.002469175534900849,0.0012402064584267124
1,Toda la población,1,Muertes,1,Mundo,3,Ambos,22,Todas las edades,708,Efectos adversos a tratamiento médico,2,Porcentaje,2023,0.0017078070893417512,0.0021380271161614323,0.0014169161206519488
1,Toda la población,1,Muertes,1,Mundo,3,Ambos,22,Todas las edades,709,Contacto con animales,2,Porcentaje,2023,0.001717517463933497,0.0024870550947414354,0.0010209070217264639
1,Toda la población,1,Muertes,1,Mundo,3,Ambos,22,Todas las edades,712,Cuerpo extraño,2,Porcentaje,2023,0.001995191325165185,0.0024748914081350886,0.0015235842395235166
1,Toda la población,1,Muertes,1,Mundo,3,Ambos,22,Todas las edades,716,Otras lesiones no intencionales,2,Porcentaje,2023,0.0010861665304844228,0.0017391780566601066,0.0006601760038334074
1,Toda la población,1,Muertes,1,Mundo,3,Ambos,22,Todas las edades,1048,COVID-19,2,Porcentaje,2023,0.014105014296725494,0.0150646667468148,0.012665678391343773
1,Toda la población,1,Muertes,1,Mundo,3,Ambos,22,Todas las edades,1161,Other digestive diseases,2,Porcentaje,2023,0.0022123134627766647,0.0025802681365260788,0.0019014958364469258
1,Toda la población,1,Muertes,1,Mundo,3,Ambos,22,Todas las edades,347,Leishmaniasis,2,Porcentaje,2023,7.702975600192843e-05,0.00014485792612412577,3.0442010252896328e-05
1,Toda la población,1,Muertes,1,Mundo,3,Ambos,22,Todas las edades,350,Tripanosomiasis africana,2,Porcentaje,2023,2.3600749614857032e-05,4.120181233595256e-05,1.1147429718928972e-05
1,Toda la población,1,Muertes,1,Mundo,3,Ambos,22,Todas las edades,351,Esquistosomiasis,2,Porcentaje,2023,0.00022429362478639677,0.00024452668496514825,0.00020361361538776356
1,Toda la población,1,Muertes,1,Mundo,3,Ambos,22,Todas las edades,352,Cisticercosis,2,Porcentaje,2023,2.5167450890626364e-05,3.414944106303185e-05,1.822125748548768e-05
1,Toda la población,1,Muertes,1,Mundo,3,Ambos,22,Todas las edades,353,Equinococosis quística,2,Porcentaje,2023,2.2836089039395848e-05,3.0035752286919787e-05,1.6362570572508135e-05
1,Toda la población,1,Muertes,1,Mundo,3,Ambos,22,Todas las edades,357,Dengue,2,Porcentaje,2023,0.0008775953648512503,0.0018222631725630892,0.0004210110983621797
1,Toda la población,1,Muertes,1,Mundo,3,Ambos,22,Todas las edades,358,Fiebre amarilla,2,Porcentaje,2023,7.358999147558615e-05,0.00015389297641220064,2.5565690121878176e-05
1,Toda la población,1,Muertes,1,Mundo,3,Ambos,22,Todas las edades,359,Rabia,2,Porcentaje,2023,0.00026329152581777183,0.00045464380783585986,0.00011045535112578121
1,Toda la población,1,Muertes,1,Mundo,3,Ambos,22,Todas las edades,360,Infecciones intestinales por nemátodos,2,Porcentaje,2023,8.282319706114682e-05,0.0001023945997932421,6.416476876789569e-05
1,Toda la población,1,Muertes,1,Mundo,3,Ambos,22,Todas las edades,365,Otras enfermedades tropicales desatendidas,2,Porcentaje,2023,0.00043734736613196734,0.0007985855527503229,0.00021940535953614626
1,Toda la población,1,Muertes,1,Mundo,3,Ambos,22,Todas las edades,366,Maternas,2,Porcentaje,2023,0.003996239088651215,0.004661523206433423,0.003454046267695113
1,Toda la población,1,Muertes,1,Mundo,3,Ambos,22,Todas las edades,380,Desórdenes del periodo Neonatal,2,Porcentaje,2023,0.027115354574303276,0.02917406726877102,0.02503603007717781
1,Toda la población,1,Muertes,1,Mundo,3,Ambos,22,Todas las edades,297,Tuberculosis,2,Porcentaje,2023,0.01682852329274325,0.020742626793386704,0.01345917412566228
1,Toda la población,1,Muertes,1,Mundo,3,Ambos,22,Todas las edades,298,VIH/SIDA,2,Porcentaje,2023,0.013876818879183454,0.015938024381420533,0.012192970624487829
1,Toda la población,1,Muertes,1,Mundo,3,Ambos,22,Todas las edades,302,Enfermedades diarreicas,2,Porcentaje,2023,0.018437529833049224,0.02578303510994501,0.0136520222460632
1,Toda la población,1,Muertes,1,Mundo,3,Ambos,22,Todas las edades,321,Otras infecciones intestinales,2,Porcentaje,2023,3.227742456272208e-05,4.082989217941842e-05,2.409765565282366e-05
1,Toda la población,1,Muertes,1,Mundo,3,Ambos,22,Todas las edades,322,Infecciones respiratorias bajas,2,Porcentaje,2023,0.0416564784595853,0.04710264550833078,0.037379108271000806
1,Toda la población,1,Muertes,1,Mundo,3,Ambos,22,Todas las edades,328,Infecciones de vías respiratorias superiores,2,Porcentaje,2023,0.0004504963291637639,0.0012801360558847654,0.00010147846666851653
1,Toda la población,1,Muertes,1,Mundo,3,Ambos,22,Todas las edades,329,Otitis media,2,Porcentaje,2023,1.086559332225906e-05,2.807552401376525e-05,4.20733134371771e-06
1,Toda la población,1,Muertes,1,Mundo,3,Ambos,22,Todas las edades,332,Meningitis,2,Porcentaje,2023,0.004310446954955037,0.005594411646934528,0.0033587433223454333
1,Toda la población,1,Muertes,1,Mundo,3,Ambos,22,Todas las edades,337,Encefalitis,2,Porcentaje,2023,0.0012738443065508367,0.0018911943473618527,0.000905875931644884
1,Toda la población,1,Muertes,1,Mundo,3,Ambos,22,Todas las edades,338,Difteria,2,Porcentaje,2023,6.674055982306491e-05,8.846807381297398e-05,4.970974070091717e-05
1,Toda la población,1,Muertes,1,Mundo,3,Ambos,22,Todas las edades,339,Tosferina,2,Porcentaje,2023,0.0019192097606549718,0.0031704146399431296,0.0011138784229780625
1,Toda la población,1,Muertes,1,Mundo,3,Ambos,22,Todas las edades,340,Tétanos,2,Porcentaje,2023,0.0003290923892594591,0.0005177439006447797,0.0001951838585122005
1,Toda la población,1,Muertes,1,Mundo,3,Ambos,22,Todas las edades,341,Sarampión,2,Porcentaje,2023,0.0023920552959358753,0.004278981042571153,0.0009802821200857144
1,Toda la población,1,Muertes,1,Mundo,3,Ambos,22,Todas las edades,400,Hepatitis aguda,2,Porcentaje,2023,0.0015499820270800117,0.0020566720505347455,0.0011067790687672532
1,Toda la población,1,Muertes,1,Mundo,3,Ambos,22,Todas las edades,408,Otras enfermedades infecciosas,2,Porcentaje,2023,0.0019480425953769876,0.0032189527467667367,0.001092534356231732
1,Toda la población,1,Muertes,1,Mundo,3,Ambos,22,Todas las edades,411,Cáncer de esófago,2,Porcentaje,2023,0.009589030037241406,0.010633673152806776,0.00843745918403711
1,Toda la población,1,Muertes,1,Mundo,3,Ambos,22,Todas las edades,414,Cáncer de estómago,2,Porcentaje,2023,0.01555415245789984,0.017601621811586414,0.013285537949895777
1,Toda la población,1,Muertes,1,Mundo,3,Ambos,22,Todas las edades,417,Cáncer de hígado,2,Porcentaje,2023,0.008457918278189532,0.009545858326120298,0.007469516896452355
1,Toda la población,1,Muertes,1,Mundo,3,Ambos,22,Todas las edades,423,Cáncer de laringe,2,Porcentaje,2023,0.002177252025553279,0.002614482494212544,0.0018645078628085636
1,Toda la población,1,Muertes,1,Mundo,3,Ambos,22,Todas las edades,426,"Cáncer de tráquea, bronquios y pulmones",2,Porcentaje,2023,0.033884681515595545,0.0367577210472802,0.03100703154494093
